scale_factor,line_angle,original_ocr_text,original_accuracy,processed_ocr_text,processed_accuracy,line_period,duty_cycle,text_color
0.5,0,,0.0,,0.0,10,0.05,0
0.5,0,,0.0,,0.0,10,0.1,0
0.5,0,,0.0,,0.0,10,0.15,0
0.5,0,,0.0,,0.0,10,0.2,0
0.5,0,,0.0,,0.0,10,0.25,0
0.5,0,,0.0,,0.0,10,0.3,0
0.5,0,,0.0,,0.0,10,0.35,0
0.5,0,,0.0,,0.0,10,0.4,0
0.5,0,,0.0,,0.0,10,0.45,0
0.5,0,,0.0,,0.0,10,0.5,0
0.5,0,,0.0,,0.0,10,0.55,0
0.5,0,,0.0,,0.0,10,0.6,0
0.5,0,,0.0,,0.0,10,0.65,0
0.5,0,,0.0,,0.0,10,0.7,0
0.5,0,,0.0,,0.0,20,0.05,0
0.5,0,,0.0,,0.0,20,0.1,0
0.5,0,,0.0,,0.0,20,0.15,0
0.5,0,,0.0,,0.0,20,0.2,0
0.5,0,,0.0,,0.0,20,0.25,0
0.5,0,,0.0,,0.0,20,0.3,0
0.5,0,,0.0,,0.0,20,0.35,0
0.5,0,"Oh i ee ee RP OU UT

FN A A ee",0.0,,0.0,20,0.4,0
0.5,0,,0.0,,0.0,20,0.45,0
0.5,0,,0.0,,0.0,20,0.5,0
0.5,0,,0.0,,0.0,20,0.55,0
0.5,0,"ee 2
Nt hh el A ee
me DN ET NT LL eT...",0.0,,0.0,20,0.6,0
0.5,0,,0.0,,0.0,20,0.65,0
0.5,0,,0.0,,0.0,20,0.7,0
0.5,0,ABCDEFGHISJKEMNOPOQRSTUVWXYZ-—,0.8076923076923077,,0.0,30,0.05,0
0.5,0,NRC IDERF(GH IKE VINOPORS TOV XV 7,0.2692307692307693,,0.0,30,0.1,0
0.5,0,NBCDEFGHTIKELVINOPORS TOV XY 7,0.5384615384615384,,0.0,30,0.15,0
0.5,0,CDEREGET TR CVINORPORS DOV V7,0.1538461538461538,,0.0,30,0.2,0
0.5,0,We DE EG eT VEN OR TORS CONT XV,0.0769230769230768,,0.0,30,0.25,0
0.5,0,RTT ET eT TN eS NT VE?,0.1538461538461538,,0.0,30,0.3,0
0.5,0,iVRet- | JEetoest In UN tet eS LL IUUU XV,0.0,,0.0,30,0.35,0
0.5,0,wee) te ee TA UN tt Le SLL LLU UU SZ,0.0,,0.0,30,0.4,0
0.5,0,"A A ee
et AS ee ee me A NNN ser TN XY Ze
a a
TE",0.0,,0.0,30,0.45,0
0.5,0,"a I a I
cb Dt A NNN ee NN XY
a
TREE EEE",0.0,,0.0,30,0.5,0
0.5,0,,0.0,,0.0,30,0.55,0
0.5,0,"i a a i i i
eh A NN es es Ns
NO
TRE",0.0,,0.0,30,0.6,0
0.5,0,,0.0,,0.0,30,0.65,0
0.5,0,,0.0,,0.0,30,0.7,0
0.5,0,ABEDEFGHIKEMNOPORSHOVAKYZ,0.6923076923076923,,0.0,40,0.05,0
0.5,0,,0.0,,0.0,40,0.1,0
0.5,0,,0.0,,0.0,40,0.15,0
0.5,0,,0.0,,0.0,40,0.2,0
0.5,0,,0.0,,0.0,40,0.25,0
0.5,0,,0.0,,0.0,40,0.3,0
0.5,0,"Nt CINE Tet Tis NARI SCN TANT COTTA 7
LJ Ld Nd v VN NS VJ LJ VV V",0.0,,0.0,40,0.35,0
0.5,0,"ea ol i a eat a ol) aS tee ee
INT WNT TNS INSTSV VNTR",0.0,,0.0,40,0.4,0
0.5,0,"NI eT TZ RANI CNN COT IN UA INAS 7
JN Ts 1 WATT NF INS TS NT",0.0,,0.0,40,0.45,0
0.5,0,,0.0,,0.0,40,0.5,0
0.5,0,"et De eZ NNN NT OC LINN, 7

J LJ Vd YN NA A J WWW",0.0,,0.0,40,0.55,0
0.5,0,a tN ND BN NN edt LD ENN 7,0.0,,0.0,40,0.6,0
0.5,0,"EN NN NN A NN Ne DN EDN Nh i NN NN i NN Dh EL fi hn
a oY 2S 2 ee 0 2 2 2 ew 2 ew"" 2 ""2 ew 2 2 2 2 ee",0.0,POT OO OFT rrr,0.0769230769230768,40,0.65,0
0.5,0,"a A A A

ch ee oe ee es NNN Nees es YEN ZN ee",0.0,,0.0,40,0.7,0
0.5,0,ABEDEFGHIKEMNOPORSHOVAKYZ,0.6923076923076923,,0.0,50,0.05,0
0.5,0,,0.0,,0.0,50,0.1,0
0.5,0,,0.0,,0.0,50,0.15,0
0.5,0,,0.0,,0.0,50,0.2,0
0.5,0,,0.0,,0.0,50,0.25,0
0.5,0,,0.0,,0.0,50,0.3,0
0.5,0,,0.0,,0.0,50,0.35,0
0.5,0,,0.0,,0.0,50,0.4,0
0.5,0,,0.0,,0.0,50,0.45,0
0.5,0,,0.0,,0.0,50,0.5,0
0.5,0,,0.0,,0.0,50,0.55,0
0.5,0,a TY A EN A A AA AN YAN YO IN ALIN,0.0,,0.0,50,0.6,0
0.5,0,"ee YN AN AN AN Y AN TY Or EN IAL SN
NO",0.0,,0.0,50,0.65,0
0.5,0,NN ND NN eB ee,0.0384615384615384,,0.0,50,0.7,0
0.5,0,,0.0,,0.0,60,0.05,0
0.5,0,,0.0,,0.0,60,0.1,0
0.5,0,,0.0,,0.0,60,0.15,0
0.5,0,,0.0,,0.0,60,0.2,0
0.5,0,,0.0,,0.0,60,0.25,0
0.5,0,,0.0,,0.0,60,0.3,0
0.5,0,,0.0,,0.0,60,0.35,0
0.5,0,ADU r VIINOT UP UV VV !,0.1923076923076923,,0.0,60,0.4,0
0.5,0,SNL LT TTL ONL IVI TINO LU VVVAT ZT,0.0,POV TT OTT TN VEIN TN OL UVVVATZ,0.0,60,0.45,0
0.5,0,"Neeeeeee eee
NIV LAL NT TL NL VIIA OJIN TU VVVATZ",0.0,,0.0,60,0.5,0
0.5,0,"Nee...
t\PIV LL TNT TNL VINA JIN OTS VVVATZ",0.0,,0.0,60,0.55,0
0.5,0,el N bd Ne be deeb Nb bitte de MeN dd Nd LY cede te ed WoW LN LL,0.0,,0.0,60,0.6,0
0.5,0,eh ND Nth Nb tb Nba he bY heh dt Nt Deh tee LN Nha,0.0,,0.0,60,0.65,0
0.5,0,at NPN EN NN VN PEON TIN ATV VV ANAT,0.0,,0.0,60,0.7,0
0.5,0,,0.0,,0.0,70,0.05,0
0.5,0,,0.0,,0.0,70,0.1,0
0.5,0,,0.0,,0.0,70,0.15,0
0.5,0,,0.0,,0.0,70,0.2,0
0.5,0,,0.0,,0.0,70,0.25,0
0.5,0,,0.0,,0.0,70,0.3,0
0.5,0,,0.0,,0.0,70,0.35,0
0.5,0,,0.0,,0.0,70,0.4,0
0.5,0,,0.0,,0.0,70,0.45,0
0.5,0,,0.0,,0.0,70,0.5,0
0.5,0,,0.0,,0.0,70,0.55,0
0.5,0,,0.0,,0.0,70,0.6,0
0.5,0,,0.0,,0.0,70,0.65,0
0.5,0,,0.0,,0.0,70,0.7,0
0.5,0,ABCDEFGHIJKLMNOPQRSTUVWXYZ,1.0,ABCDEFGHIJKLMNOPQRSTUVWXYZ,1.0,80,0.05,0
0.5,0,ABCDEFGHIJKLMNOPORSTUVWXYZ,0.9615384615384616,ABCDEFGHIJKLMNOPQRSTUVWXYZ,1.0,80,0.1,0
0.5,0,ABCDEFGHIJKLMNOPORSTUVWXYZ,0.9615384615384616,,0.0,80,0.15,0
0.5,0,,0.0,,0.0,80,0.2,0
0.5,0,,0.0,,0.0,80,0.25,0
0.5,0,"ALMNOPORS | UVWXY
ABCDEFGHIJKLMNOP(",0.0,ABCDEFGHIJKLMNOPORKS LUVWAXY,0.7692307692307692,80,0.3,0
0.5,0,ABCUDEFGHIIKLVMNOFORS TUVWXYZ,0.7692307692307692,ABCDEFGHIIKEMNOPORS LUVVWXYZ,0.7692307692307692,80,0.35,0
0.5,0,AbUUDEFGET IALVMNOPORS LUVVVXYZ,0.4615384615384615,ABC UEFGRIIKEVNOPOKS TUVVV XYZ,0.5384615384615384,80,0.4,0
0.5,0,Abt UdErFour IALWVINOPORKS TUVVVXYZ,0.2307692307692307,ADS EEG JKT VINO EOS LUVVVY XYZ,0.2692307692307693,80,0.45,0
0.5,0,AD UIE ria IAL WIN PRS PUVA YZ,0.2307692307692307,WEIN eC ES TUM X YZ,0.2307692307692307,80,0.5,0
0.5,0,ADU IE ria IAL eS TU AY 7,0.1538461538461538,DN) eS UV AY,0.2307692307692307,80,0.55,0
0.5,0,Att TE etary TAL WV ete NTI AY 7,0.0,,0.0,80,0.6,0
0.5,0,A I ia TAL IVINS TLV AY 7,0.1538461538461538,,0.0,80,0.65,0
0.5,0,aA ia TAT VIN Oe NTI VAY 7,0.0769230769230768,,0.0,80,0.7,0
0.5,105,ABCDEFGHISKLMNOPQRSTUVWXYZ,0.9615384615384616,,0.0,10,0.05,0
0.5,105,ABCDEFGHISKLMNOPQRSTUVWXYZ,0.9615384615384616,,0.0,10,0.1,0
0.5,105,ABCDEFGHISKLMNOPQRSTUVWXYZ,0.9615384615384616,,0.0,10,0.15,0
0.5,105,JABCDERGHIOK LM NIOFAD RST UNAM AN Z|,0.2692307692307693,ARCO ERR RMN ORSON NAME),0.1923076923076923,10,0.2,0
0.5,105,JABCDERGHIOK LM NIOFAD RST UNAM AN Z|,0.2692307692307693,ARCO ERR RMN ORSON NAME),0.1923076923076923,10,0.25,0
0.5,105,,0.0,nee TAN NAMA,0.0384615384615384,10,0.3,0
0.5,105,,0.0,nee TAN NAMA,0.0384615384615384,10,0.35,0
0.5,105,TEER RAE RT,0.1153846153846154,iit il NiAtel,0.0384615384615384,10,0.4,0
0.5,105,TEER RAE RT,0.1153846153846154,iit il NiAtel,0.0384615384615384,10,0.45,0
0.5,105,"/ Ni A) HH ay Hf HY HH vi / {/ , 1 Wi H HH Tih i HIN | rH cH i) WN v/ 1] My TH
EE",0.0,intial,0.0,10,0.5,0
0.5,105,"/ Ni A) HH ay Hf HY HH vi / {/ , 1 Wi H HH Tih i HIN | rH cH i) WN v/ 1] My TH
EE",0.0,intial,0.0,10,0.55,0
0.5,105,eR,0.0384615384615384,iiiaiiniittidtdl,0.0,10,0.6,0
0.5,105,eR,0.0384615384615384,iiiaiiniittidtdl,0.0,10,0.65,0
0.5,105,i,0.0,iiinnnntc tid,0.0,10,0.7,0
0.5,105,,0.0,,0.0,20,0.05,0
0.5,105,,0.0,RB SBERGHREMN GHOST ANN ANA|,0.1538461538461538,20,0.1,0
0.5,105,,0.0,BRR ERA ST ANNA,0.1153846153846154,20,0.15,0
0.5,105,,0.0,TRE EA RN ANNA,0.0769230769230768,20,0.2,0
0.5,105,,0.0,TE A EMA,0.0769230769230768,20,0.25,0
0.5,105,,0.0,TE AE HA,0.0769230769230768,20,0.3,0
0.5,105,,0.0,TPA A AAR,0.0384615384615384,20,0.35,0
0.5,105,TENET OURAN ALIMENT,0.0769230769230768,TA A AAR,0.0384615384615384,20,0.4,0
0.5,105,HEATHEN ALN ARM,0.1538461538461538,TA AR,0.0384615384615384,20,0.45,0
0.5,105,LETTE ALM AN  M,0.1153846153846154,A EEA A,0.0769230769230768,20,0.5,0
0.5,105,TEEN ALR,0.1153846153846154,EA AA,0.0384615384615384,20,0.55,0
0.5,105,LT MLR,0.0769230769230768,EA A,0.0384615384615384,20,0.6,0
0.5,105,,0.0,i TAS AAA,0.0384615384615384,20,0.65,0
0.5,105,LT MR a,0.0769230769230768,i cea AA,0.0,20,0.7,0
0.5,105,/ABCDEFGHIJKLMNOPQRSTUVWXYZ/,0.9230769230769232,,0.0,30,0.05,0
0.5,105,,0.0,"[ECD EE GHIAULMN OF RATH VIANA,",0.3076923076923077,30,0.1,0
0.5,105,,0.0,"[RESP ER GH NLMN OF RAT YAN,",0.1923076923076923,30,0.15,0
0.5,105,[RA CBE GH NEMNO POR ST UVNNAY A /,0.2307692307692307,"[HEEB ERRNO ATA,",0.1538461538461538,30,0.2,0
0.5,105,,0.0,"[EBERLE RAT EA,",0.1538461538461538,30,0.25,0
0.5,105,,0.0,"[RENIN ERA EA,",0.1538461538461538,30,0.3,0
0.5,105,"[RACER HYUN NO PDE:

SMA A |",0.0769230769230768,"[REE HICNER A ANYOA,",0.1538461538461538,30,0.35,0
0.5,105,LRAT AY AUNEM NY OPA MAY AL,0.0384615384615384,"(RESIN AA,",0.1153846153846154,30,0.4,0
0.5,105,"TRATED MYL,",0.0769230769230768,"(RASA EA,",0.0384615384615384,30,0.45,0
0.5,105,"TRAY ATE AL,",0.0384615384615384,"(AEE EH,",0.0769230769230768,30,0.5,0
0.5,105,RAE ATE EL,0.0769230769230768,"(EATEN EPH,",0.0769230769230768,30,0.55,0
0.5,105,TARE ATA EL,0.0769230769230768,"(EAE EAH,",0.0384615384615384,30,0.6,0
0.5,105,TARE ATA EL,0.0769230769230768,"EERE EH,",0.0769230769230768,30,0.65,0
0.5,105,,0.0,"ELECTR,",0.1153846153846154,30,0.7,0
0.5,105,,0.0,"ABEDERGHIIKLM NOP ORSTUMINRYZ),",0.5384615384615384,40,0.05,0
0.5,105,/ ABLCDERGHIKEMNOP ORS TWNWIXYZ/,0.5,"FRED EHS ALIN MB OORT T EMM RYA),",0.0,40,0.1,0
0.5,105,"ABC DEGAS KEM NOP QRS

WWM XY |",0.4230769230769231,"HRED ENE ALIN MBA DAT T OHM RYAL,",0.0,40,0.15,0
0.5,105,,0.0,"REPENS ALIN MHA DAT TOMEI,",0.0384615384615384,40,0.2,0
0.5,105,,0.0,"HE PER EAN PA DAT OHA,",0.1153846153846154,40,0.25,0
0.5,105,,0.0,"PEPER EAUIN APA DAT OHA,",0.0769230769230768,40,0.3,0
0.5,105,,0.0,"PEPER AYA SAA,",0.0769230769230768,40,0.35,0
0.5,105,LAE DSA KEM ROY DRT OMY Ey,0.1153846153846154,"PLAIN ASAT,",0.1153846153846154,40,0.4,0
0.5,105,AYE DASH KEN OY DRS VOU RY EL,0.1153846153846154,"SPRAIN AA OAT,",0.1153846153846154,40,0.45,0
0.5,105,"AEDS HEN DROP,",0.1923076923076923,"PLP,",0.0769230769230768,40,0.5,0
0.5,105,PNT,0.0769230769230768,"(PIA EEA,",0.0384615384615384,40,0.55,0
0.5,105,Nee,0.0384615384615384,"AAA,",0.0384615384615384,40,0.6,0
0.5,105,oes,0.0,"EAH,",0.0769230769230768,40,0.65,0
0.5,105,Pr os,0.0384615384615384,"ELE,",0.0769230769230768,40,0.7,0
0.5,105,/ABGDEFGHIJKEMNOPQRST UVWXYZ /,0.7692307692307692,JRBQDERGHIIKEM NO PORST DN WANE /,0.3076923076923077,50,0.05,0
0.5,105,,0.0,FISD EEG PKU H DPORST DH NINE /,0.0769230769230768,50,0.1,0
0.5,105,,0.0,PEIIEEG PRY HOP RRET DH NE,0.1923076923076923,50,0.15,0
0.5,105,/ABOOAEGH! PALM KO PORS,0.2307692307692307,PETTY YP PRREE LY NAKA],0.0384615384615384,50,0.2,0
0.5,105,,0.0,PREM AR DPR REELING E],0.0384615384615384,50,0.25,0
0.5,105,,0.0,PERETEE YR PPRREELINEL,0.1153846153846154,50,0.3,0
0.5,105,,0.0,PEREPEE REPRE EL,0.1153846153846154,50,0.35,0
0.5,105,,0.0,PERERFELAAT EERE,0.1153846153846154,50,0.4,0
0.5,105,FSG DPR PEMA,0.1153846153846154,PEREFELAA PREP,0.1923076923076923,50,0.45,0
0.5,105,PATA PRR PPA,0.0769230769230768,PERAFEL AEF PRAEEEA,0.1153846153846154,50,0.5,0
0.5,105,,0.0,PERERA,0.0769230769230768,50,0.55,0
0.5,105,,0.0,AREER,0.1153846153846154,50,0.6,0
0.5,105,SS @ ge Se EE,0.0384615384615384,AEE,0.0769230769230768,50,0.65,0
0.5,105,,0.0,AAA,0.0384615384615384,50,0.7,0
0.5,105,ABCDEFGHISKUMNOPQRS TUVWXYZ,0.8846153846153846,ABE DEF CAI KUMNQRORSTUVINAYZ,0.5,60,0.05,0
0.5,105,,0.0,"ABE RECA IW REMNGRORE TYNAN ,",0.1923076923076923,60,0.1,0
0.5,105,,0.0,"ABLOFEE AP REMNGRORE TINY ,",0.1923076923076923,60,0.15,0
0.5,105,,0.0,PBEPEEA ERM YDRRET MALT,0.1923076923076923,60,0.2,0
0.5,105,,0.0,PEPPER ERY DRAIN,0.0769230769230768,60,0.25,0
0.5,105,,0.0,PEEPEERE RY PORE MAT |,0.1153846153846154,60,0.3,0
0.5,105,PBST ERR YSRORE MINT |,0.1153846153846154,PEETEREE IAPR |,0.1153846153846154,60,0.35,0
0.5,105,CU ERR IY SRORE TMAINY 7 |,0.0769230769230768,PRETEEN,0.1153846153846154,60,0.4,0
0.5,105,ABET EERO IT |,0.1923076923076923,FAERIE,0.0769230769230768,60,0.45,0
0.5,105,PESTER INT |,0.1538461538461538,ALL,0.0769230769230768,60,0.5,0
0.5,105,PETER 7 |,0.0769230769230768,LL,0.0384615384615384,60,0.55,0
0.5,105,PRETEEN |,0.1153846153846154,ATER,0.1153846153846154,60,0.6,0
0.5,105,,0.0,ATE,0.0769230769230768,60,0.65,0
0.5,105,CREPE res,0.1153846153846154,AT,0.0769230769230768,60,0.7,0
0.5,105,,0.0,ABCOEFGHIDKLMNGRORSTHYWXY7],0.6538461538461539,70,0.05,0
0.5,105,,0.0,ABCPFFEAIPYL MR GRRRSTPY WX],0.3461538461538461,70,0.1,0
0.5,105,—ABCDERGAIPKLMINGPORSTP VWXYZ],0.6153846153846154,AGP ERB APL GRR TP YW,0.2307692307692307,70,0.15,0
0.5,105,—ABCDERGAIPYLMAGPORITPYWxy¥Z],0.4230769230769231,AEP EEA EPR RT PH],0.1538461538461538,70,0.2,0
0.5,105,,0.0,AIPEEA PEPE RRL IY,0.1538461538461538,70,0.25,0
0.5,105,,0.0,AIPEREPEPLY RELI,0.1538461538461538,70,0.3,0
0.5,105,,0.0,FIPEREPEPIY RATES AYT,0.1538461538461538,70,0.35,0
0.5,105,,0.0,FIPEENEPIY PRIVAT,0.1923076923076923,70,0.4,0
0.5,105,PIPER PPP EI PRT PIT,0.1538461538461538,FAIPEENEPIYPRT IAT,0.1923076923076923,70,0.45,0
0.5,105,PIPE ECPI RRP TT,0.1153846153846154,PIP APPA,0.0769230769230768,70,0.5,0
0.5,105,,0.0,PIE,0.0384615384615384,70,0.55,0
0.5,105,,0.0,PPE,0.0384615384615384,70,0.6,0
0.5,105,PPE eras,0.0384615384615384,Pere TT ey seh,0.0,70,0.65,0
0.5,105,POPES,0.1153846153846154,reas,0.0,70,0.7,0
0.5,105,! ABLDEFGHISKLMNOPOQRSTWVWRXYZ |,0.6538461538461539,| ABEDERGALKLMNOVORGTBVINKYE,0.4230769230769231,80,0.05,0
0.5,105,! ABLDEFGHISKLMNDPQRSTWVWRYZ |,0.6538461538461539,| ABEDERGAIPKLMNPHORSTPVINRYE,0.4615384615384615,80,0.1,0
0.5,105,,0.0,[AB EOE ASAI PKLYNPIORSTPynRrF,0.2307692307692307,80,0.15,0
0.5,105,,0.0,PPELOE PSA PKL YNP IRA Pype,0.0769230769230768,80,0.2,0
0.5,105,,0.0,PPLE PL IPIR IP PPE |,0.1153846153846154,80,0.25,0
0.5,105,,0.0,PPLERELEIPISFIPPEE |,0.1153846153846154,80,0.3,0
0.5,105,,0.0,PEEEPTEIIETIPFE |,0.1153846153846154,80,0.35,0
0.5,105,,0.0,PEEEPTP LET FE |,0.1153846153846154,80,0.4,0
0.5,105,,0.0,PETA NATE EL,0.1153846153846154,80,0.45,0
0.5,105,geyereleovyeser lag,0.0,PPA TINIE T,0.1153846153846154,80,0.5,0
0.5,105,peere vee see eae eas,0.0,APPA,0.0769230769230768,80,0.55,0
0.5,105,,0.0,PPA,0.0384615384615384,80,0.6,0
0.5,105,Peerage |,0.0384615384615384,PPR |,0.0769230769230768,80,0.65,0
0.5,105,Perea eer),0.0384615384615384,ASTRA,0.1153846153846154,80,0.7,0
0.5,120,,0.0,,0.0,10,0.05,0
0.5,120,,0.0,,0.0,10,0.1,0
0.5,120,,0.0,,0.0,10,0.15,0
0.5,120,,0.0,LLL,0.0384615384615384,10,0.2,0
0.5,120,,0.0,LLL,0.0384615384615384,10,0.25,0
0.5,120,,0.0,LLL,0.0384615384615384,10,0.3,0
0.5,120,,0.0,LLL,0.0384615384615384,10,0.35,0
0.5,120,"y MY TO OCU UIA
hy YG VW LOM HO YOY YOY",0.0,a TN,0.0384615384615384,10,0.4,0
0.5,120,"y MY TO OCU UIA
hy YG VW LOM HO YOY YOY",0.0,a TN,0.0384615384615384,10,0.45,0
0.5,120,UL /;,0.0384615384615384,,0.0,10,0.5,0
0.5,120,UL /;,0.0384615384615384,,0.0,10,0.55,0
0.5,120,"WY WU Yyf

YM, yy iy) Mh, HY HU, YY
YY)",0.0,S,0.0384615384615384,10,0.6,0
0.5,120,"WY WU Yyf

YM, yy iy) Mh, HY HU, YY
YY)",0.0,S,0.0384615384615384,10,0.65,0
0.5,120,"YO Uf, YY) Hy yy YY UU), YI) Wy
iy ty YY) YY ify YY Wi WY YY Yy YY Yf YY Yy",0.0,,0.0,10,0.7,0
0.5,120,,0.0,,0.0,20,0.05,0
0.5,120,,0.0,"REELS OV ORSON WINE,",0.1538461538461538,20,0.1,0
0.5,120,,0.0,LLL,0.0384615384615384,20,0.15,0
0.5,120,,0.0,LLL LLL,0.0384615384615384,20,0.2,0
0.5,120,,0.0,"LLL OLLI III,",0.0769230769230768,20,0.25,0
0.5,120,UES ASV MISO,0.1153846153846154,"LANL LISI,",0.1153846153846154,20,0.3,0
0.5,120,,0.0,"TL MMH,",0.0384615384615384,20,0.35,0
0.5,120,,0.0,TL MME DIM,0.0769230769230768,20,0.4,0
0.5,120,,0.0,TM MELD ILH,0.1153846153846154,20,0.45,0
0.5,120,UES MISONO YON NYKN,0.1538461538461538,MALL LDLU,0.0769230769230768,20,0.5,0
0.5,120,UES MIMO OMY;,0.1923076923076923,TMM LL LLLP,0.0769230769230768,20,0.55,0
0.5,120,"YALU KOM ONE)
UMMM LS;",0.0769230769230768,[LOM LLL LDL,0.0769230769230768,20,0.6,0
0.5,120,"f My, LM ILY), Aff, TG, WOU UNMIS /,
UY MELEE,",0.0,[OM LDL,0.0384615384615384,20,0.65,0
0.5,120,"UU AISA
YM ELEY",0.0769230769230768,,0.0,20,0.7,0
0.5,120,,0.0,,0.0,30,0.05,0
0.5,120,IKBCDEEGAISKEMN OP ORSVIVWXAZ/,0.5,/RECDEL MISES DV OREN IY OVO/,0.0769230769230768,30,0.1,0
0.5,120,,0.0,"SELDE DISSES SD RII OG,",0.1538461538461538,30,0.15,0
0.5,120,,0.0,"VDL ILS LIVIN,",0.1538461538461538,30,0.2,0
0.5,120,,0.0,"VDL IVS SIV III,",0.1153846153846154,30,0.25,0
0.5,120,,0.0,"VDL MSS LIVIN,",0.1153846153846154,30,0.3,0
0.5,120,AXEL TYE AY ORE SY,0.1923076923076923,"VPLS SI VIIINM,",0.0384615384615384,30,0.35,0
0.5,120,YEDDA OT OREV IAN,0.1538461538461538,"VL MIMI),",0.0769230769230768,30,0.4,0
0.5,120,"LAPIS LAK AAV KIVA 9 Sf
YEA YY MIS OT ORV AY)",0.0,LULL LLL,0.0384615384615384,30,0.45,0
0.5,120,,0.0,"PR MMMM MAM,",0.0384615384615384,30,0.5,0
0.5,120,"Ui
GI AL)

Ye

IW)
hs

Ny,",0.0,"CR MMMM MMII,",0.0769230769230768,30,0.55,0
0.5,120,,0.0,"COM MMM LLAMA,",0.0769230769230768,30,0.6,0
0.5,120,,0.0,"CMM ALLEL ALLY,",0.1153846153846154,30,0.65,0
0.5,120,MT LLL,0.0769230769230768,"VOM,",0.0384615384615384,30,0.7,0
0.5,120,"/ABCDEFGHIIKLMNOPQRS TUVWXYZ,",0.8461538461538461,/RECOEDGHIIKUIN ODORS TOMWIKYZ,0.3846153846153846,40,0.05,0
0.5,120,,0.0,(PED E NIMOY RE WIL,0.2307692307692307,40,0.1,0
0.5,120,,0.0,ANIA ILE),0.1153846153846154,40,0.15,0
0.5,120,,0.0,ANIA IY ILVY),0.1923076923076923,40,0.2,0
0.5,120,,0.0,PLANING IIE),0.0769230769230768,40,0.25,0
0.5,120,,0.0,LLL IY YIIYY),0.0769230769230768,40,0.3,0
0.5,120,,0.0,LEY YY),0.0769230769230768,40,0.35,0
0.5,120,,0.0,PENILE IY),0.1538461538461538,40,0.4,0
0.5,120,PELL SSSA SS AS SILI OYILIY),0.0,(PLLIWSSIILLAY),0.1153846153846154,40,0.45,0
0.5,120,"=
~*

ws
SS

PKI OY SISS

~~,
SS
~

RINE KLIAG
IE YSSAT LS,",0.0,PLINY),0.1153846153846154,40,0.5,0
0.5,120,"LEPLISEITAV ELLIS OLAS LADO S AS
IPL STATIS SS LLL SFI PL OSS SSSI",0.0,PEEILIINLLALSVIL),0.1923076923076923,40,0.55,0
0.5,120,"EEL ISSETAL EL LAS ISITE OLS SS
LE SLLSSTSASSS LSS SFI PJ SP SSSI |",0.0,PLEIN),0.1153846153846154,40,0.6,0
0.5,120,USL ISSSASSSLS SSSI PISS SSSI,0.0,SHEILA ELST),0.1923076923076923,40,0.65,0
0.5,120,"CELE EE EEE Eee
USSLISTSSSSSLSS LITLE LISTS",0.0,LEELA LALLY),0.1153846153846154,40,0.7,0
0.5,120,"/KBODEFGHIIKEMNOPQRSTUNWKYZ ,",0.6538461538461539,/ABCOEEGHIGKEMM OP ORSTINWAYZ,0.5384615384615384,50,0.05,0
0.5,120,,0.0,KODE EAI MLE LIS VINE,0.2307692307692307,50,0.1,0
0.5,120,SKY MDP ORSAY Z,0.1538461538461538,"AIDE NVI VLSI VI VNZ,",0.2307692307692307,50,0.15,0
0.5,120,,0.0,AIDE ENV ILLV LY LIS VV VVIZ),0.1153846153846154,50,0.2,0
0.5,120,,0.0,AIL EDV ILIV LL LIS VV VVIZ),0.1538461538461538,50,0.25,0
0.5,120,,0.0,PELE EVILIV LIT LVVIVSL),0.1153846153846154,50,0.3,0
0.5,120,,0.0,PLEEVILSV IIIT NISL),0.1538461538461538,50,0.35,0
0.5,120,LSPS FS LY VK LV PV EES VISAS Z,0.0,PLEELI/IL/IVSS ETL),0.1538461538461538,50,0.4,0
0.5,120,LSPS LS LSS LS PPV EIS VIS VSL,0.0,LELL/IYIVSSESTIVIAL),0.1923076923076923,50,0.45,0
0.5,120,"TTL fy
VI DI OIT ESL NS
VS PISS LS SSL SV II DIT 4",0.0,TLLIVYIIVISSVIV/T),0.1153846153846154,50,0.5,0
0.5,120,"ILIIVI SILL |
SI SI DIS LIS
LSS IS LSPS LS SII EIA.",0.0,TLIWVPIVSSSSVLVST),0.1153846153846154,50,0.55,0
0.5,120,ETI SISSIES LSS IIT EST I LISS,0.0,STLLLVYILISASSIITSTL),0.1153846153846154,50,0.6,0
0.5,120,LESL ELIS LSS SDSL SELLS LSS,0.0,SLLLLLYIILSSILILSLLVVYL),0.1538461538461538,50,0.65,0
0.5,120,TESS ELIS LSS SDL LS LL Lf /,0.0,"SELLLLLLLSSILSLSSLLLLL,",0.1153846153846154,50,0.7,0
0.5,120,,0.0,/ABEDEFGHIKLMNOFORST BWANZ/,0.6153846153846154,60,0.05,0
0.5,120,,0.0,"PB LOEF AY INNER RT MIN Y,",0.1923076923076923,60,0.1,0
0.5,120,,0.0,"ELIF PI ISN RRT NIN,",0.1923076923076923,60,0.15,0
0.5,120,,0.0,"PLAS SI ILIV EIS NNT,",0.1153846153846154,60,0.2,0
0.5,120,,0.0,"PPLIL SI ILIV IS IIIYT,",0.1153846153846154,60,0.25,0
0.5,120,,0.0,"PPLLYL SY ILYIVE PIS PISS,",0.0384615384615384,60,0.3,0
0.5,120,,0.0,"IPLALSLILISE LIS PISST,,",0.1153846153846154,60,0.35,0
0.5,120,,0.0,"FPLALTLILISILILPSS ST,",0.1153846153846154,60,0.4,0
0.5,120,FELIS TIF L IVS FS LIS LISS 7,0.0,"ELITE LLILILILPLLST,",0.2307692307692307,60,0.45,0
0.5,120,EELINTILIES ISS LIS LI SST,0.0769230769230768,"LELALELILISILILILLST,",0.1538461538461538,60,0.5,0
0.5,120,EELGINITLIIIILLISD LL SS),0.0769230769230768,"LELLLFLILISILILISTYT,",0.1538461538461538,60,0.55,0
0.5,120,LST ILLS LOIS ENS SSL,0.0769230769230768,"TLELILTLLILILILLLISSTT,",0.1153846153846154,60,0.6,0
0.5,120,EEDILTESIL ELITIST,0.1538461538461538,"CLLISTLILILELLLISSTT,",0.1538461538461538,60,0.65,0
0.5,120,"Bat hh ange esta wane a
ELDELTAT ESSE",0.0,"LLESTLILILLLLLISALT,",0.1538461538461538,60,0.7,0
0.5,120,,0.0,ABCBEFGHIOKLMMOPRARST NWI?’,0.6153846153846154,70,0.05,0
0.5,120,ABCBEFGHISKLM MOP QRS TUN WX,0.6153846153846154,PEPE AYSR MER RS W aY,0.1923076923076923,70,0.1,0
0.5,120,,0.0,PEPE AYR MRR Way,0.1538461538461538,70,0.15,0
0.5,120,,0.0,PIPE SYI LIS LIT VAT,0.1923076923076923,70,0.2,0
0.5,120,RAPE GH KLM ORD ST WN Wn,0.3461538461538461,"PIPE PSIS LIL PIT ISAT,",0.1923076923076923,70,0.25,0
0.5,120,,0.0,FYPEIFISLISSL LIT PSST.,0.1538461538461538,70,0.3,0
0.5,120,,0.0,"FYPEFPLILISL LIT PSST,",0.1923076923076923,70,0.35,0
0.5,120,,0.0,FLEFPLILASLLALPISAT.,0.1923076923076923,70,0.4,0
0.5,120,KEEPS SIS LES LID LIST,0.0769230769230768,"FLFSPLILALPAL PISA T,",0.1153846153846154,70,0.45,0
0.5,120,KESSTISLEFL IDES,0.1153846153846154,"TELS PSLILILLAL LSAT,",0.1153846153846154,70,0.5,0
0.5,120,KISS TISLETE TLE LSS,0.1153846153846154,"TELILLILILLLL LSAT,",0.1153846153846154,70,0.55,0
0.5,120,LE L ELSI SS SIS SSIES,0.0769230769230768,"TELIFLILILLLL LSAT,",0.1538461538461538,70,0.6,0
0.5,120,MEME TEE SETTLE,0.0769230769230768,"TELIFILLELLELLSST,",0.1538461538461538,70,0.65,0
0.5,120,"Mea Tee eee ess,",0.0,"TESILELLSLLLLIST,",0.1538461538461538,70,0.7,0
0.5,120,"/ABCDEF GH KLINOPQRSTUNWKXYZ ,",0.6538461538461539,/MBCDEEGHISHLYNODQRSTUMWKYZ /,0.5769230769230769,80,0.05,0
0.5,120,"/ ABCD EF GH KLIMNOPQRSFUNWKXYZ ,",0.5384615384615384,(NBDE GYGLYMNOHORSIUMKYZ,0.4230769230769231,80,0.1,0
0.5,120,"[ABCD GHA KLIINO DORKS PUM WKYZ ,",0.3076923076923077,BPE PPL MNO POR Myr),0.2307692307692307,80,0.15,0
0.5,120,,0.0,"SPF P PLP PIT MY,",0.1923076923076923,80,0.2,0
0.5,120,,0.0,APPLES FPF LP PIT Pf),0.1923076923076923,80,0.25,0
0.5,120,IME DPF PHL LYNDON ry 4,0.1153846153846154,OSPDFPPSP PSSST PSL),0.1923076923076923,80,0.3,0
0.5,120,TL EPEP LSM PREITY 4,0.1538461538461538,OSPF LPIPSSSTISSL),0.1923076923076923,80,0.35,0
0.5,120,,0.0,OLPFFPILSPITI SE,0.1923076923076923,80,0.4,0
0.5,120,VEDEFLEVORIIS OS A,0.2307692307692307,OFLELEILGP ILI SL,0.1538461538461538,80,0.45,0
0.5,120,VEDEFSEGERIDI GLA,0.1538461538461538,OFLELEILGP IVI F LA,0.1538461538461538,80,0.5,0
0.5,120,ELSIF PISS SIAL SST,0.1538461538461538,OPEL PIII GPLL IFC,0.1153846153846154,80,0.55,0
0.5,120,TEEPE Oa a OLA,0.0769230769230768,OLEPELEIOELL IGT A,0.1538461538461538,80,0.6,0
0.5,120,"TSO eee Or,

Te",0.0769230769230768,VSETILIIOELLIGCA,0.1538461538461538,80,0.65,0
0.5,120,Ieee rere raw eA,0.0384615384615384,VSETELILOELLIGSA,0.1538461538461538,80,0.7,0
0.5,135,,0.0,,0.0,10,0.05,0
0.5,135,,0.0,,0.0,10,0.1,0
0.5,135,,0.0,,0.0,10,0.15,0
0.5,135,,0.0,,0.0,10,0.2,0
0.5,135,,0.0,,0.0,10,0.25,0
0.5,135,"NS
SS
NWA
SSS
SN",0.0769230769230768,,0.0,10,0.3,0
0.5,135,"NS
SS
NWA
SSS
SN",0.0769230769230768,,0.0,10,0.35,0
0.5,135,"NS
SS
NWA
SSS
SN",0.0769230769230768,,0.0,10,0.4,0
0.5,135,"NS
SS
NWA
SSS
SN",0.0769230769230768,,0.0,10,0.45,0
0.5,135,"NS
SS
NWA
SSS
SN",0.0769230769230768,,0.0,10,0.5,0
0.5,135,"NS
SS
NWA
SSS
SN",0.0769230769230768,,0.0,10,0.55,0
0.5,135,"Yi yyy MY OM OP ECOL
yy YI YY",0.0,,0.0,10,0.6,0
0.5,135,"Yi yyy MY OM OP ECOL
yy YI YY",0.0,,0.0,10,0.65,0
0.5,135,ty,0.0,,0.0,10,0.7,0
0.5,135,,0.0,"ABCDEFGHIJKLMNOPQRSTUVWXYZ

Vasile",0.6923076923076923,20,0.05,0
0.5,135,,0.0,SELLE IIIS IV IIL,0.1538461538461538,20,0.1,0
0.5,135,,0.0,"SRLS III,",0.0769230769230768,20,0.15,0
0.5,135,,0.0,"SRLS III,",0.0769230769230768,20,0.2,0
0.5,135,,0.0,"SRLS III,",0.0769230769230768,20,0.25,0
0.5,135,,0.0,,0.0,20,0.3,0
0.5,135,,0.0,,0.0,20,0.35,0
0.5,135,,0.0,,0.0,20,0.4,0
0.5,135,"YALU SOMO WKS ODO OEE
US ISM SO IOS",0.0,,0.0,20,0.45,0
0.5,135,"MM HAO OPEL OEE:
LL OI)",0.0769230769230768,,0.0,20,0.5,0
0.5,135,“MUMMY YG AAG OLLIE,0.0384615384615384,,0.0,20,0.55,0
0.5,135,“MUMMY YG AAG OLLIE,0.0384615384615384,,0.0,20,0.6,0
0.5,135,“MUMMY YG AAG OLLIE,0.0384615384615384,,0.0,20,0.65,0
0.5,135,Cg gg,0.0384615384615384,,0.0,20,0.7,0
0.5,135,,0.0,ABCDEFGHIJKLMNOPQRSTUVWXYZ,1.0,30,0.05,0
0.5,135,,0.0,BELLA ISISSS IS IWIN E?,0.0769230769230768,30,0.1,0
0.5,135,,0.0,BELLA ISISSS IS IWIN E?,0.0769230769230768,30,0.15,0
0.5,135,,0.0,"SRL LISLIS LBL IIL,",0.0769230769230768,30,0.2,0
0.5,135,,0.0,SRSA III,0.0769230769230768,30,0.25,0
0.5,135,,0.0,SLAB,0.0384615384615384,30,0.3,0
0.5,135,,0.0,SLA ILI,0.0769230769230768,30,0.35,0
0.5,135,,0.0,SLI,0.0384615384615384,30,0.4,0
0.5,135,,0.0,SLI,0.0384615384615384,30,0.45,0
0.5,135,"YE IOISAALLIEAO SISO GLOWS) GVSL
S AOL LIMOS IOI LD",0.0,,0.0,30,0.5,0
0.5,135,,0.0,,0.0,30,0.55,0
0.5,135,"MAMIIGP,

hy AISA LALLA £ PMISILSSISAALSS J
—~°R SQL LOLI",0.0,,0.0,30,0.6,0
0.5,135,"MAMIIGP,

hy AISA LALLA £ PMISILSSISAALSS J
—~°R SQL LOLI",0.0,,0.0,30,0.65,0
0.5,135,,0.0,,0.0,30,0.7,0
0.5,135,,0.0,BECDELEHISILMNOPORSTONNINZ,0.5384615384615384,40,0.05,0
0.5,135,,0.0,EDEL SISIOPORSTINNUINL,0.2692307692307693,40,0.1,0
0.5,135,AB CEF GIN IKLMNOPQRSVOWIIN,0.5,IED SNISISSV RS INVINL,0.1538461538461538,40,0.15,0
0.5,135,,0.0,"SE DSISISSS PS IIE,",0.1538461538461538,40,0.2,0
0.5,135,,0.0,"SPL DLISSISALDIIII,",0.0769230769230768,40,0.25,0
0.5,135,,0.0,"SISAL IIIS,",0.1153846153846154,40,0.3,0
0.5,135,NIL LI SVL LID LOVITT,0.0769230769230768,,0.0,40,0.35,0
0.5,135,,0.0,,0.0,40,0.4,0
0.5,135,"PALMS NS,
DRI IIS/

Dh bf
YY If),

MILI MA A ALAM
SILLY

I Kp
NG",0.0,,0.0,40,0.45,0
0.5,135,"VA SAA /

DIES ISS SOS SIL SSS SGY

io LVVSI7 Gy

S",0.0,,0.0,40,0.5,0
0.5,135,,0.0,,0.0,40,0.55,0
0.5,135,,0.0,,0.0,40,0.6,0
0.5,135,,0.0,,0.0,40,0.65,0
0.5,135,,0.0,,0.0,40,0.7,0
0.5,135,,0.0,"ABCDEFGHISKLMNOPORSTUMWINZ,",0.7692307692307692,50,0.05,0
0.5,135,,0.0,"PECDEL GUISE MNODORS OV INI Z,",0.3076923076923077,50,0.1,0
0.5,135,,0.0,"SSLIELSNSSM ASRS ONIGY,",0.1923076923076923,50,0.15,0
0.5,135,,0.0,"PIII IDLE IIIOL,",0.0769230769230768,50,0.2,0
0.5,135,"KL OPOR VOW LZ,",0.2307692307692307,"PIII ILI IIIOL,",0.0769230769230768,50,0.25,0
0.5,135,,0.0,VIII SIIIISIOP),0.1153846153846154,50,0.3,0
0.5,135,,0.0,VPP VVDIIISIOP),0.1153846153846154,50,0.35,0
0.5,135,“VK,0.0384615384615384,VIDIO,0.1153846153846154,50,0.4,0
0.5,135,,0.0,VPIPVSVVPIIIIIID),0.0769230769230768,50,0.45,0
0.5,135,,0.0,PIPSVVPIIII?,0.0769230769230768,50,0.5,0
0.5,135,,0.0,"VPS VVIIVYT?,",0.0769230769230768,50,0.55,0
0.5,135,"OGL AM aL MO DG BAL OLA LL ho
VS SILI SSS IS SI AES SI 2",0.0,,0.0,50,0.6,0
0.5,135,,0.0,"VSPIYVITSYYASISIISSA,",0.0769230769230768,50,0.65,0
0.5,135,,0.0,,0.0,50,0.7,0
0.5,135,"ABCDEFGHISKCMNOPQORSTUVWXYZ,",0.8461538461538461,"/ABCDEFGHISKCMBOPORSTUIIONIZ,",0.5769230769230769,60,0.05,0
0.5,135,"ABC DEFGHISKCMNOPQORSTUVMIXYZ,",0.7307692307692308,"PBCREFAVIEOMSOPORSTS WIZ,",0.4615384615384615,60,0.1,0
0.5,135,,0.0,"PEPE AVI IIS GY,",0.1538461538461538,60,0.15,0
0.5,135,,0.0,"PI PF SVL QI IIOZ,",0.1153846153846154,60,0.2,0
0.5,135,,0.0,"LPP III IO,",0.0769230769230768,60,0.25,0
0.5,135,,0.0,"PIPPP ISI IIOF,",0.1153846153846154,60,0.3,0
0.5,135,,0.0,PIPPPIVVSSVS IIS),0.0769230769230768,60,0.35,0
0.5,135,,0.0,PVFPSDIVVSSVS ISIS),0.0769230769230768,60,0.4,0
0.5,135,,0.0,VVSDSDVVSSDSS SSP),0.0769230769230768,60,0.45,0
0.5,135,,0.0,,0.0,60,0.5,0
0.5,135,,0.0,,0.0,60,0.55,0
0.5,135,,0.0,,0.0,60,0.6,0
0.5,135,,0.0,,0.0,60,0.65,0
0.5,135,,0.0,,0.0,60,0.7,0
0.5,135,,0.0,(BECOEFGHI IK INOPORSTWAYZ,0.5769230769230769,70,0.05,0
0.5,135,,0.0,DECEEEGAL I AINOPORSTNWAYZ,0.4230769230769231,70,0.1,0
0.5,135,,0.0,"AEA AYP ORA WY,",0.2307692307692307,70,0.15,0
0.5,135,"A BOD GA AIK OP ORS WWW ,",0.2692307692307693,"OSPF LAVORA VW,",0.2307692307692307,70,0.2,0
0.5,135,,0.0,OSFLPIVIVVLSVIWI,0.1538461538461538,70,0.25,0
0.5,135,,0.0,OLPPLSVSVSLS IVI,0.1153846153846154,70,0.3,0
0.5,135,,0.0,OLPPSSSVS DSSS,0.1153846153846154,70,0.35,0
0.5,135,,0.0,OPSPSDSVSSVSSAS SIS,0.0384615384615384,70,0.4,0
0.5,135,,0.0,,0.0,70,0.45,0
0.5,135,,0.0,,0.0,70,0.5,0
0.5,135,,0.0,,0.0,70,0.55,0
0.5,135,,0.0,,0.0,70,0.6,0
0.5,135,,0.0,,0.0,70,0.65,0
0.5,135,,0.0,,0.0,70,0.7,0
0.5,135,“ ABCDEFGHIJKLMNOPQRST UV WXYZ,0.8461538461538461,PECOEFGHTJKLMNOPARSTWAYZ.,0.6538461538461539,80,0.05,0
0.5,135,,0.0,PEDEFG HT KLM OP ART MWAYZ”,0.4615384615384615,80,0.1,0
0.5,135,,0.0,"SEPP KMART WAZ,",0.2307692307692307,80,0.15,0
0.5,135,,0.0,"PEP PSV VE LVAZ,",0.0769230769230768,80,0.2,0
0.5,135,,0.0,"PPPS VS LIV,",0.0769230769230768,80,0.25,0
0.5,135,,0.0,FPSPPSSVSSLISYS.,0.0769230769230768,80,0.3,0
0.5,135,,0.0,FPSDSSSSRISISS.,0.0769230769230768,80,0.35,0
0.5,135,,0.0,PFPPSISISII SSS.,0.0769230769230768,80,0.4,0
0.5,135,,0.0,"PFIISISSSI ISS,",0.1153846153846154,80,0.45,0
0.5,135,,0.0,"PFIISISPSID ISS,",0.1538461538461538,80,0.5,0
0.5,135,"ESD Ss
, I-54
TI ILE LSD ICS,",0.0,FIISISOIPD ISS:,0.1153846153846154,80,0.55,0
0.5,135,,0.0,FIIIIPIVID ICS.,0.1153846153846154,80,0.6,0
0.5,135,,0.0,"FPISIPICLIIOCL,",0.1153846153846154,80,0.65,0
0.5,135,,0.0,"PEIPIIOLIIOL,",0.1538461538461538,80,0.7,0
0.5,15,,0.0,,0.0,10,0.05,0
0.5,15,,0.0,,0.0,10,0.1,0
0.5,15,,0.0,,0.0,10,0.15,0
0.5,15,,0.0,,0.0,10,0.2,0
0.5,15,,0.0,,0.0,10,0.25,0
0.5,15,,0.0,,0.0,10,0.3,0
0.5,15,,0.0,,0.0,10,0.35,0
0.5,15,,0.0,,0.0,10,0.4,0
0.5,15,,0.0,,0.0,10,0.45,0
0.5,15,,0.0,,0.0,10,0.5,0
0.5,15,,0.0,,0.0,10,0.55,0
0.5,15,,0.0,,0.0,10,0.6,0
0.5,15,,0.0,,0.0,10,0.65,0
0.5,15,,0.0,,0.0,10,0.7,0
0.5,15,,0.0,,0.0,20,0.05,0
0.5,15,,0.0,,0.0,20,0.1,0
0.5,15,,0.0,,0.0,20,0.15,0
0.5,15,,0.0,,0.0,20,0.2,0
0.5,15,,0.0,,0.0,20,0.25,0
0.5,15,,0.0,,0.0,20,0.3,0
0.5,15,,0.0,,0.0,20,0.35,0
0.5,15,,0.0,,0.0,20,0.4,0
0.5,15,"¥
.

= iS me a
= ~ = =<

Pe ERE
—_

Th
if
Al",0.0,,0.0,20,0.45,0
0.5,15,,0.0,,0.0,20,0.5,0
0.5,15,,0.0,,0.0,20,0.55,0
0.5,15,,0.0,,0.0,20,0.6,0
0.5,15,,0.0,,0.0,20,0.65,0
0.5,15,,0.0,,0.0,20,0.7,0
0.5,15,,0.0,~ABCDEFGHIJKLMNOPQRSTUVWXYZ-,0.9230769230769232,30,0.05,0
0.5,15,,0.0,,0.0,30,0.1,0
0.5,15,,0.0,,0.0,30,0.15,0
0.5,15,,0.0,,0.0,30,0.2,0
0.5,15,,0.0,,0.0,30,0.25,0
0.5,15,,0.0,,0.0,30,0.3,0
0.5,15,,0.0,,0.0,30,0.35,0
0.5,15,,0.0,,0.0,30,0.4,0
0.5,15,,0.0,,0.0,30,0.45,0
0.5,15,"=a
me

aT

Soe",0.0384615384615384,,0.0,30,0.5,0
0.5,15,"aa SSS eR Tel ert

mit SoS on So Pe a

rt
il ae bel VG a
See",0.0,,0.0,30,0.55,0
0.5,15,,0.0,,0.0,30,0.6,0
0.5,15,"— = Rel TR aa al Peal en ve

H
f

H

}",0.0,,0.0,30,0.65,0
0.5,15,,0.0,,0.0,30,0.7,0
0.5,15,,0.0,,0.0,40,0.05,0
0.5,15,,0.0,,0.0,40,0.1,0
0.5,15,,0.0,,0.0,40,0.15,0
0.5,15,,0.0,,0.0,40,0.2,0
0.5,15,,0.0,,0.0,40,0.25,0
0.5,15,,0.0,,0.0,40,0.3,0
0.5,15,,0.0,,0.0,40,0.35,0
0.5,15,,0.0,,0.0,40,0.4,0
0.5,15,,0.0,,0.0,40,0.45,0
0.5,15,,0.0,,0.0,40,0.5,0
0.5,15,"ay eo] LZ aN | 7,
a] ~ ] iV"") Se he oe",0.0,,0.0,40,0.55,0
0.5,15,,0.0,,0.0,40,0.6,0
0.5,15,,0.0,,0.0,40,0.65,0
0.5,15,elton,0.0,,0.0,40,0.7,0
0.5,15,,0.0,~ABCDEFGHISKLMNOPQRSTUVWXYZ_,0.8846153846153846,50,0.05,0
0.5,15,,0.0,,0.0,50,0.1,0
0.5,15,,0.0,,0.0,50,0.15,0
0.5,15,,0.0,,0.0,50,0.2,0
0.5,15,,0.0,,0.0,50,0.25,0
0.5,15,,0.0,,0.0,50,0.3,0
0.5,15,,0.0,,0.0,50,0.35,0
0.5,15,,0.0,,0.0,50,0.4,0
0.5,15,lag ad lag Ta a,0.0384615384615384,,0.0,50,0.45,0
0.5,15,"a . on ee
ne ee Tae",0.0384615384615384,,0.0,50,0.5,0
0.5,15,ee i,0.0,,0.0,50,0.55,0
0.5,15,"a Le Fe a ay
a TE el) pal At TY a) tS | aL",0.0,,0.0,50,0.6,0
0.5,15,,0.0,,0.0,50,0.65,0
0.5,15,,0.0,,0.0,50,0.7,0
0.5,15,,0.0,“ABCDEFGHISKLMNOPQRSTUVWXYZ—,0.8846153846153846,60,0.05,0
0.5,15,,0.0,~~,0.0,60,0.1,0
0.5,15,,0.0,~~,0.0,60,0.15,0
0.5,15,,0.0,—,0.0,60,0.2,0
0.5,15,,0.0,=,0.0,60,0.25,0
0.5,15,,0.0,—,0.0,60,0.3,0
0.5,15,,0.0,=,0.0,60,0.35,0
0.5,15,,0.0,=,0.0,60,0.4,0
0.5,15,ri aad) ieee Oneal oT ad,0.0384615384615384,,0.0,60,0.45,0
0.5,15,,0.0,,0.0,60,0.5,0
0.5,15,arly aia) teal Oar oa ade,0.0,,0.0,60,0.55,0
0.5,15,,0.0,,0.0,60,0.6,0
0.5,15,al ethan ee eae et ae,0.0,,0.0,60,0.65,0
0.5,15,,0.0,,0.0,60,0.7,0
0.5,15,,0.0,~ABCDEFGHIJKLMNOPQRSTUVWHVZ-,0.8461538461538461,70,0.05,0
0.5,15,,0.0,~ABCOEFGHUKEMNORORSTUV WZ,0.6153846153846154,70,0.1,0
0.5,15,,0.0,—_,0.0,70,0.15,0
0.5,15,,0.0,,0.0,70,0.2,0
0.5,15,,0.0,,0.0,70,0.25,0
0.5,15,,0.0,,0.0,70,0.3,0
0.5,15,,0.0,,0.0,70,0.35,0
0.5,15,,0.0,,0.0,70,0.4,0
0.5,15,"PO Reale CARS VL

-

Sa,",0.0,,0.0,70,0.45,0
0.5,15,,0.0,,0.0,70,0.5,0
0.5,15,a ey a,0.0,,0.0,70,0.55,0
0.5,15,a eS eae a,0.0384615384615384,,0.0,70,0.6,0
0.5,15,,0.0,,0.0,70,0.65,0
0.5,15,,0.0,,0.0,70,0.7,0
0.5,15,_ABCBEEGHTSKLMNOPQRSTUVWXYZ-,0.7692307692307692,-BBCBEEGRTIKLNINOPQRSTOWXTZ-,0.5,80,0.05,0
0.5,15,_ABCBEEGHHKLMNOPQRSTUVANXYZ—,0.6923076923076923,~ABCBEEGHTIKLMNOPQRSTUMAXYZ,0.7307692307692308,80,0.1,0
0.5,15,,0.0,~EBCBEEGFTALMNOPQRSTO MUAY Z-,0.4230769230769231,80,0.15,0
0.5,15,,0.0,~EBUSEEGF TH MNORARSTO MY,0.3461538461538461,80,0.2,0
0.5,15,,0.0,,0.0,80,0.25,0
0.5,15,,0.0,,0.0,80,0.3,0
0.5,15,,0.0,,0.0,80,0.35,0
0.5,15,,0.0,,0.0,80,0.4,0
0.5,15,POR POY,0.1153846153846154,,0.0,80,0.45,0
0.5,15,RS OY,0.1153846153846154,,0.0,80,0.5,0
0.5,15,"o>) eae
et ea Oa Oe",0.0384615384615384,,0.0,80,0.55,0
0.5,15,TP 5 TiS,0.0769230769230768,,0.0,80,0.6,0
0.5,15,". ""Ieee
\ ob
ee
aL)",0.0384615384615384,,0.0,80,0.65,0
0.5,15,"alt

— nL oe is

7",0.0384615384615384,,0.0,80,0.7,0
0.5,150,,0.0,,0.0,10,0.05,0
0.5,150,,0.0,,0.0,10,0.1,0
0.5,150,,0.0,,0.0,10,0.15,0
0.5,150,,0.0,,0.0,10,0.2,0
0.5,150,,0.0,,0.0,10,0.25,0
0.5,150,,0.0,,0.0,10,0.3,0
0.5,150,,0.0,,0.0,10,0.35,0
0.5,150,,0.0,,0.0,10,0.4,0
0.5,150,,0.0,,0.0,10,0.45,0
0.5,150,,0.0,,0.0,10,0.5,0
0.5,150,,0.0,,0.0,10,0.55,0
0.5,150,,0.0,,0.0,10,0.6,0
0.5,150,,0.0,,0.0,10,0.65,0
0.5,150,,0.0,,0.0,10,0.7,0
0.5,150,"(Z
ee

VX",0.0769230769230768,,0.0,20,0.05,0
0.5,150,"g XP MIKA
sty i KO
en

i.",0.0,,0.0,20,0.1,0
0.5,150,"ry

Est",0.0384615384615384,,0.0,20,0.15,0
0.5,150,"; q
F OPO RS Eph KZ
ABE BE HSN DSA Z",0.0,,0.0,20,0.2,0
0.5,150,"4? cr ie r AY Y gs r 0
ACE Ets te P SESE DMNYILE",0.0,,0.0,20,0.25,0
0.5,150,"KA
AY,

Gy
VoD

Boers",0.0,,0.0,20,0.3,0
0.5,150,"7
oY,

G
Se

A

CH
g

ADD

sO",0.0,,0.0,20,0.35,0
0.5,150,"7
oY,

G
Se

A

CH
g

ADD

sO",0.0,,0.0,20,0.4,0
0.5,150,"7
oY,

G
Se

A

CH
g

ADD

sO",0.0,,0.0,20,0.45,0
0.5,150,,0.0,,0.0,20,0.5,0
0.5,150,,0.0,,0.0,20,0.55,0
0.5,150,,0.0,,0.0,20,0.6,0
0.5,150,,0.0,,0.0,20,0.65,0
0.5,150,"FA,

ZG SE",0.0769230769230768,,0.0,20,0.7,0
0.5,150,,0.0,,0.0,30,0.05,0
0.5,150,,0.0,,0.0,30,0.1,0
0.5,150,,0.0,,0.0,30,0.15,0
0.5,150,,0.0,,0.0,30,0.2,0
0.5,150,,0.0,,0.0,30,0.25,0
0.5,150,,0.0,,0.0,30,0.3,0
0.5,150,,0.0,,0.0,30,0.35,0
0.5,150,,0.0,,0.0,30,0.4,0
0.5,150,,0.0,,0.0,30,0.45,0
0.5,150,"PLIAGE SIG oS

2 OAL ‘LK OO BOOLAT SG 4",0.0,,0.0,30,0.5,0
0.5,150,OLS OSL IOI A A OOO LA OLS,0.0384615384615384,,0.0,30,0.55,0
0.5,150,"SSM SO SOLS ISK MO SOI AMELIA
PID oh ee ig MP PI of SI igha",0.0,,0.0,30,0.6,0
0.5,150,,0.0,,0.0,30,0.65,0
0.5,150,"Sey LO SIG a OE, SIZ
Se SILL. LEE D",0.0,,0.0,30,0.7,0
0.5,150,,0.0,CBBCOEEGHTIKLMNOPORS TUVWXYZ,0.6923076923076923,40,0.05,0
0.5,150,,0.0,BECOFE STII MN OPORS HOMIE,0.2692307692307693,40,0.1,0
0.5,150,,0.0,BELLIS SOSH OONIIL,0.1538461538461538,40,0.15,0
0.5,150,,0.0,BELLIS SASS OOUIIL,0.1538461538461538,40,0.2,0
0.5,150,,0.0,DELLS OOUILE,0.1923076923076923,40,0.25,0
0.5,150,,0.0,"LELEELI LISI,",0.1538461538461538,40,0.3,0
0.5,150,,0.0,,0.0,40,0.35,0
0.5,150,,0.0,,0.0,40,0.4,0
0.5,150,BESO DO DOLD SS ODIOZ,0.1923076923076923,,0.0,40,0.45,0
0.5,150,"YOO ALAMOS DOS

SILLS RPIELLIOSIE SID FSS",0.0,,0.0,40,0.5,0
0.5,150,"ISIS PEIOOOOA

IG A rd La 4",0.0,,0.0,40,0.55,0
0.5,150,,0.0,,0.0,40,0.6,0
0.5,150,"SOM AM Ms at of

Sigh gt ra wr ;
PLA LSS APL L ILS A.",0.0,,0.0,40,0.65,0
0.5,150,,0.0,iA,0.0,40,0.7,0
0.5,150,,0.0,,0.0,50,0.05,0
0.5,150,,0.0,,0.0,50,0.1,0
0.5,150,,0.0,,0.0,50,0.15,0
0.5,150,,0.0,,0.0,50,0.2,0
0.5,150,,0.0,,0.0,50,0.25,0
0.5,150,,0.0,,0.0,50,0.3,0
0.5,150,,0.0,,0.0,50,0.35,0
0.5,150,,0.0,,0.0,50,0.4,0
0.5,150,"Ei Pf PO MK Mir”
LMS ILO IDOL,",0.0,,0.0,50,0.45,0
0.5,150,"FS I “4p ah oF SF gl 1 SF
SP MII ILO IDOI",0.0,,0.0,50,0.5,0
0.5,150,"fin oft MGS \ a GP
SIPS SLO ISI IOI",0.0,,0.0,50,0.55,0
0.5,150,"Sig wed FX 9K gh eh Sr sl WM OWT
SSS PS ILI EI III",0.0,,0.0,50,0.6,0
0.5,150,,0.0,,0.0,50,0.65,0
0.5,150,"Sit 0
Yaa Laan.",0.0384615384615384,,0.0,50,0.7,0
0.5,150,ABEDEFGHIKLMNOPORSTUVWXYZ~,0.8461538461538461,ABCDEFGHTIKLMBOBQESTO MINE,0.5769230769230769,60,0.05,0
0.5,150,ABEDEFGHLKLMNOPRORSTIV OXY,0.6538461538461539,ABDELS LIS MNCL OSSTINIKIZ,0.3076923076923077,60,0.1,0
0.5,150,,0.0,ABDELS LAS MSC OSSTINIIZ,0.3076923076923077,60,0.15,0
0.5,150,,0.0,"ABD EAL AS MSCS,",0.1923076923076923,60,0.2,0
0.5,150,,0.0,AL DEALS SCSI,0.1923076923076923,60,0.25,0
0.5,150,,0.0,LDL DSSS,0.1153846153846154,60,0.3,0
0.5,150,,0.0,LILLIES DIL,0.1153846153846154,60,0.35,0
0.5,150,,0.0,LIDS,0.0769230769230768,60,0.4,0
0.5,150,,0.0,FI,0.0769230769230768,60,0.45,0
0.5,150,,0.0,,0.0,60,0.5,0
0.5,150,,0.0,,0.0,60,0.55,0
0.5,150,,0.0,,0.0,60,0.6,0
0.5,150,,0.0,LS,0.0769230769230768,60,0.65,0
0.5,150,,0.0,,0.0,60,0.7,0
0.5,150,BBEDEFGHIIKEMNOPORSTUVWXYZ-,0.7692307692307692,ABCDEFGHISKLSINOPORSTUMIDYZ.,0.6923076923076923,70,0.05,0
0.5,150,"ABEDEFGHII KAM NOPORSTUMNL

MDZ",0.5,BBDEFGHIMINOPOBST UNDA,0.4615384615384615,70,0.1,0
0.5,150,,0.0,ABCDEGHIMINOP ORT UNDYL,0.5,70,0.15,0
0.5,150,,0.0,ERDAS,0.0769230769230768,70,0.2,0
0.5,150,,0.0,POA,0.0384615384615384,70,0.25,0
0.5,150,,0.0,SES UEDPOLVIT,0.1153846153846154,70,0.3,0
0.5,150,,0.0,SESE,0.0769230769230768,70,0.35,0
0.5,150,,0.0,SESVOSI VIA,0.1538461538461538,70,0.4,0
0.5,150,,0.0,,0.0,70,0.45,0
0.5,150,,0.0,,0.0,70,0.5,0
0.5,150,,0.0,,0.0,70,0.55,0
0.5,150,,0.0,,0.0,70,0.6,0
0.5,150,,0.0,,0.0,70,0.65,0
0.5,150,,0.0,,0.0,70,0.7,0
0.5,150,,0.0,BBCOERGHIIRLMBOPORSTLMIDYZ.,0.5384615384615384,80,0.05,0
0.5,150,,0.0,peter Spat Morons ibe,0.0384615384615384,80,0.1,0
0.5,150,,0.0,"BBEDEPC AK ML OPO RST IZ,",0.3076923076923077,80,0.15,0
0.5,150,"“ABD EPC USK LL OPO RST Der,",0.2692307692307693,Bpebprcpat miorQastuirZ,0.1153846153846154,80,0.2,0
0.5,150,,0.0,BOE or eeL,0.1153846153846154,80,0.25,0
0.5,150,,0.0,SOPOT,0.1153846153846154,80,0.3,0
0.5,150,,0.0,SOPOT,0.1153846153846154,80,0.35,0
0.5,150,,0.0,FLYER,0.1153846153846154,80,0.4,0
0.5,150,,0.0,SIS Ei itt,0.0769230769230768,80,0.45,0
0.5,150,,0.0,,0.0,80,0.5,0
0.5,150,,0.0,,0.0,80,0.55,0
0.5,150,,0.0,,0.0,80,0.6,0
0.5,150,,0.0,,0.0,80,0.65,0
0.5,150,"FOSS i 4

er os ot
’ i a?",0.0,,0.0,80,0.7,0
0.5,165,,0.0,,0.0,10,0.05,0
0.5,165,,0.0,,0.0,10,0.1,0
0.5,165,,0.0,,0.0,10,0.15,0
0.5,165,,0.0,,0.0,10,0.2,0
0.5,165,,0.0,,0.0,10,0.25,0
0.5,165,,0.0,,0.0,10,0.3,0
0.5,165,,0.0,,0.0,10,0.35,0
0.5,165,,0.0,,0.0,10,0.4,0
0.5,165,,0.0,,0.0,10,0.45,0
0.5,165,,0.0,,0.0,10,0.5,0
0.5,165,,0.0,,0.0,10,0.55,0
0.5,165,,0.0,,0.0,10,0.6,0
0.5,165,,0.0,,0.0,10,0.65,0
0.5,165,,0.0,,0.0,10,0.7,0
0.5,165,,0.0,,0.0,20,0.05,0
0.5,165,,0.0,,0.0,20,0.1,0
0.5,165,,0.0,,0.0,20,0.15,0
0.5,165,,0.0,,0.0,20,0.2,0
0.5,165,,0.0,,0.0,20,0.25,0
0.5,165,,0.0,,0.0,20,0.3,0
0.5,165,,0.0,,0.0,20,0.35,0
0.5,165,,0.0,,0.0,20,0.4,0
0.5,165,"nn al Loon at 7 v
—pErst to eh te Ste eee",0.0,,0.0,20,0.45,0
0.5,165,A,0.0384615384615384,,0.0,20,0.5,0
0.5,165,"oes arp

on eee s= Dts
soe — tte SE",0.0,,0.0,20,0.55,0
0.5,165,"a a ——€
Pe La Le Ll eel et eee",0.0,,0.0,20,0.6,0
0.5,165,,0.0,,0.0,20,0.65,0
0.5,165,"ie ee

ZEEE EEE aE ESE Te

ee
—_ ee

Ss",0.0,,0.0,20,0.7,0
0.5,165,,0.0,"""-ABCDEFGHIJKLMINOPQRSTUVWXYZ-",0.8461538461538461,30,0.05,0
0.5,165,,0.0,,0.0,30,0.1,0
0.5,165,,0.0,,0.0,30,0.15,0
0.5,165,,0.0,,0.0,30,0.2,0
0.5,165,,0.0,,0.0,30,0.25,0
0.5,165,,0.0,,0.0,30,0.3,0
0.5,165,,0.0,,0.0,30,0.35,0
0.5,165,,0.0,,0.0,30,0.4,0
0.5,165,,0.0,,0.0,30,0.45,0
0.5,165,"te
- pe
al rd Ps
ete
i ee gO
mt Le Se eae

>» ’ VA

PY
A i

Sis
—<—e
ares
=
wae",0.0,,0.0,30,0.5,0
0.5,165,"a sere iet is

en we pees",0.0,,0.0,30,0.55,0
0.5,165,,0.0,,0.0,30,0.6,0
0.5,165,"we
ee
ee rer

Pa
rT a.
Pa

ee
i",0.0,,0.0,30,0.65,0
0.5,165,,0.0,,0.0,30,0.7,0
0.5,165,,0.0,"a

-ABCDEFGHIJK",0.2692307692307693,40,0.05,0
0.5,165,,0.0,,0.0,40,0.1,0
0.5,165,,0.0,,0.0,40,0.15,0
0.5,165,,0.0,,0.0,40,0.2,0
0.5,165,,0.0,,0.0,40,0.25,0
0.5,165,,0.0,,0.0,40,0.3,0
0.5,165,,0.0,,0.0,40,0.35,0
0.5,165,,0.0,,0.0,40,0.4,0
0.5,165,eI a ae | TT nl eT Lee,0.0384615384615384,,0.0,40,0.45,0
0.5,165,,0.0,,0.0,40,0.5,0
0.5,165,,0.0,,0.0,40,0.55,0
0.5,165,"me ee Las mT ee TL Oy eal LON Vaal
ee eee",0.0,,0.0,40,0.6,0
0.5,165,"‘ a
oe Pl PT rT

ae (EE as a",0.0,,0.0,40,0.65,0
0.5,165,,0.0,,0.0,40,0.7,0
0.5,165,,0.0,~ABCDEFGHISKEMNOPQRSTUVWXYZ—,0.8461538461538461,50,0.05,0
0.5,165,,0.0,“BBEDEFGHTIKLSINOPORSTU WIZ,0.5769230769230769,50,0.1,0
0.5,165,,0.0,,0.0,50,0.15,0
0.5,165,,0.0,,0.0,50,0.2,0
0.5,165,,0.0,,0.0,50,0.25,0
0.5,165,,0.0,,0.0,50,0.3,0
0.5,165,,0.0,,0.0,50,0.35,0
0.5,165,,0.0,,0.0,50,0.4,0
0.5,165,) Ce — at Fr),0.0384615384615384,,0.0,50,0.45,0
0.5,165,"I og aa | gt ot (teen
\ Laer \ Le OT Leen",0.0,,0.0,50,0.5,0
0.5,165,,0.0,,0.0,50,0.55,0
0.5,165,= = wr awe,0.0,,0.0,50,0.6,0
0.5,165,"a = Nr ag
eer eri
ee",0.0,,0.0,50,0.65,0
0.5,165,"os el , a err

rr wit NL be Pa ad ~ wer
os C4 PN ad 7,",0.0,,0.0,50,0.7,0
0.5,165,,0.0,-ABEDEFGHLJKEMNOPQRSFUVINXYZ,0.7307692307692308,60,0.05,0
0.5,165,,0.0,ABEDEFGHTTKEMMOPORSHOVINZ-,0.5384615384615384,60,0.1,0
0.5,165,,0.0,— |,0.0,60,0.15,0
0.5,165,,0.0,“I,0.0384615384615384,60,0.2,0
0.5,165,,0.0,"—_,",0.0,60,0.25,0
0.5,165,,0.0,ae,0.0,60,0.3,0
0.5,165,,0.0,=.,0.0,60,0.35,0
0.5,165,,0.0,--,0.0,60,0.4,0
0.5,165,"F rT oe | let (TC Te | em
BOO lis
—— 1 rr re ieee
rv \
eer co",0.0,,0.0,60,0.45,0
0.5,165,a are re Ler,0.0384615384615384,,0.0,60,0.5,0
0.5,165,Fr) oe - a —,0.0384615384615384,,0.0,60,0.55,0
0.5,165,"wae eT ae eer

OT Leer 7

eT ee",0.0,,0.0,60,0.6,0
0.5,165,,0.0,,0.0,60,0.65,0
0.5,165,"ee ee

PT. Lee

Pe

oP ee

ys",0.0,,0.0,60,0.7,0
0.5,165,,0.0,-BBCDEFGHIJKLHINOPORSTUVINYZ-,0.6923076923076923,70,0.05,0
0.5,165,,0.0,BBCBEEGHISREMINOPORSTOVIMYZ,0.5769230769230769,70,0.1,0
0.5,165,,0.0,BBCBEEGHARTUNOPORSTUDIMZ,0.5,70,0.15,0
0.5,165,,0.0,BBCBELGHIRTMINO TORS HOTZ,0.3846153846153846,70,0.2,0
0.5,165,,0.0,BBEPEEGHIRTUNOPORSHOTULHZ-,0.3846153846153846,70,0.25,0
0.5,165,,0.0,DERE G HR TINC ROSSI,0.1538461538461538,70,0.3,0
0.5,165,,0.0,,0.0,70,0.35,0
0.5,165,,0.0,,0.0,70,0.4,0
0.5,165,a) oa,0.0,,0.0,70,0.45,0
0.5,165,"TD Cr en | iP | aaa | | \ eee
rege nr Leer",0.0,,0.0,70,0.5,0
0.5,165,,0.0,,0.0,70,0.55,0
0.5,165,"RD oer | err | eee | camer | | eee
eee ge sr rr grr",0.0,,0.0,70,0.6,0
0.5,165,,0.0,,0.0,70,0.65,0
0.5,165,,0.0,,0.0,70,0.7,0
0.5,165,“ABCDEFGHIJKEMNOPORSTUVWXYZ_,0.8461538461538461,-ABCDEFGFLJKEMNOPQRSTUMWAYZ,0.7692307692307692,80,0.05,0
0.5,165,,0.0,“ABCDEFGHL KE MNOPQRSTUVWATZ,0.7307692307692308,80,0.1,0
0.5,165,,0.0,“ABCDEPCH Lee NOP ORSTUMWRTZ,0.5,80,0.15,0
0.5,165,,0.0,“ABCDEPCH LUMEN OPO RSTUMWATZ,0.4615384615384615,80,0.2,0
0.5,165,,0.0,AB CDEPCHLMer OD ORST IMRT,0.3076923076923077,80,0.25,0
0.5,165,,0.0,“FELDER Mer RenSTLUMnT,0.1153846153846154,80,0.3,0
0.5,165,,0.0,,0.0,80,0.35,0
0.5,165,,0.0,,0.0,80,0.4,0
0.5,165,OA ere Laer ere LL adinT,0.0,,0.0,80,0.45,0
0.5,165,,0.0,,0.0,80,0.5,0
0.5,165,,0.0,,0.0,80,0.55,0
0.5,165,,0.0,,0.0,80,0.6,0
0.5,165,"or

ee age L",0.0384615384615384,,0.0,80,0.65,0
0.5,165,"PP ae
Ts
“a Li eee ,

Or",0.0,,0.0,80,0.7,0
0.5,30,,0.0,,0.0,10,0.05,0
0.5,30,,0.0,,0.0,10,0.1,0
0.5,30,,0.0,,0.0,10,0.15,0
0.5,30,,0.0,,0.0,10,0.2,0
0.5,30,,0.0,,0.0,10,0.25,0
0.5,30,,0.0,,0.0,10,0.3,0
0.5,30,,0.0,,0.0,10,0.35,0
0.5,30,,0.0,,0.0,10,0.4,0
0.5,30,,0.0,,0.0,10,0.45,0
0.5,30,,0.0,,0.0,10,0.5,0
0.5,30,,0.0,,0.0,10,0.55,0
0.5,30,,0.0,,0.0,10,0.6,0
0.5,30,,0.0,,0.0,10,0.65,0
0.5,30,,0.0,,0.0,10,0.7,0
0.5,30,"A = ‘ 7 ™ >
GHISKEMNOPORSTUVWXYZ-",0.4230769230769231,,0.0,20,0.05,0
0.5,30,"HANNAN
CEMNOPORSTUVWARYZS",0.3846153846153846,,0.0,20,0.1,0
0.5,30,"S

= —~
CBRE GREER TORSRATRRSS",0.0,,0.0,20,0.15,0
0.5,30,"NERO
BNROAR ORS
SORSRRRRSS",0.0384615384615384,,0.0,20,0.2,0
0.5,30,"SRA BINDS S
NIN CN SOR SARA so SN",0.0,,0.0,20,0.25,0
0.5,30,"i

SSSR RGSS",0.0384615384615384,"RRA
NORSRSAW",0.1923076923076923,20,0.3,0
0.5,30,,0.0,,0.0,20,0.35,0
0.5,30,,0.0,,0.0,20,0.4,0
0.5,30,,0.0,,0.0,20,0.45,0
0.5,30,,0.0,,0.0,20,0.5,0
0.5,30,,0.0,,0.0,20,0.55,0
0.5,30,,0.0,,0.0,20,0.6,0
0.5,30,,0.0,,0.0,20,0.65,0
0.5,30,,0.0,,0.0,20,0.7,0
0.5,30,,0.0,,0.0,30,0.05,0
0.5,30,,0.0,,0.0,30,0.1,0
0.5,30,,0.0,,0.0,30,0.15,0
0.5,30,,0.0,,0.0,30,0.2,0
0.5,30,,0.0,,0.0,30,0.25,0
0.5,30,,0.0,,0.0,30,0.3,0
0.5,30,,0.0,,0.0,30,0.35,0
0.5,30,,0.0,,0.0,30,0.4,0
0.5,30,,0.0,,0.0,30,0.45,0
0.5,30,"SONIA RNS
RRR",0.1153846153846154,,0.0,30,0.5,0
0.5,30,,0.0,,0.0,30,0.55,0
0.5,30,"0 aya

“vay

BRR",0.0384615384615384,,0.0,30,0.6,0
0.5,30,,0.0,,0.0,30,0.65,0
0.5,30,"ENS SSS SS

a ne n

se ms i"" aS’ es n ~~
RR RNS",0.0,,0.0,30,0.7,0
0.5,30,,0.0,,0.0,40,0.05,0
0.5,30,,0.0,,0.0,40,0.1,0
0.5,30,,0.0,,0.0,40,0.15,0
0.5,30,,0.0,,0.0,40,0.2,0
0.5,30,,0.0,,0.0,40,0.25,0
0.5,30,,0.0,,0.0,40,0.3,0
0.5,30,,0.0,,0.0,40,0.35,0
0.5,30,,0.0,,0.0,40,0.4,0
0.5,30,"SRO ORDO CRESS
BRAK RNSRORSSRRGO

/",0.0,,0.0,40,0.45,0
0.5,30,"RRO PC Pal al La Le
RENSRORNS SIA",0.0,,0.0,40,0.5,0
0.5,30,SINS ae RK BN,0.0769230769230768,,0.0,40,0.55,0
0.5,30,,0.0,,0.0,40,0.6,0
0.5,30,">
‘ eng

>

sr vw we we ae ~,
RRR",0.0,,0.0,40,0.65,0
0.5,30,,0.0,,0.0,40,0.7,0
0.5,30,,0.0,“ABCDEFGHISKLMNOPORSTUVWOYZ:,0.8076923076923077,50,0.05,0
0.5,30,,0.0,SRECOERSRISREMINORORSTOWURYZ,0.3461538461538461,50,0.1,0
0.5,30,,0.0,SRECRERERSREUNORORSTOR,0.2307692307692307,50,0.15,0
0.5,30,,0.0,,0.0,50,0.2,0
0.5,30,,0.0,,0.0,50,0.25,0
0.5,30,,0.0,,0.0,50,0.3,0
0.5,30,,0.0,,0.0,50,0.35,0
0.5,30,,0.0,,0.0,50,0.4,0
0.5,30,"eg ea eg Ne LTS Sal Aa
SNS",0.0,,0.0,50,0.45,0
0.5,30,"a Ny ea me,

wre a yb. te hel Maer",0.0,,0.0,50,0.5,0
0.5,30,"Ry Tey Tig Te TU ly a ea gg, Tk
eR eA Ra a a",0.0,,0.0,50,0.55,0
0.5,30,"SSNS

15 i
J il Se SR",0.0384615384615384,,0.0,50,0.6,0
0.5,30,,0.0,,0.0,50,0.65,0
0.5,30,,0.0,,0.0,50,0.7,0
0.5,30,,0.0,~ABCDERSHISKEMNOP ORS TOW,0.5,60,0.05,0
0.5,30,,0.0,~ABCDERSHSKEMNORARS TOW,0.4615384615384615,60,0.1,0
0.5,30,,0.0,ABCDERSHSKENARARS TOY,0.4230769230769231,60,0.15,0
0.5,30,,0.0,NBVERSISLINRARSOYR,0.3076923076923077,60,0.2,0
0.5,30,QPQRSIONIAIK,0.1538461538461538,NERVES ASOT,0.1153846153846154,60,0.25,0
0.5,30,,0.0,,0.0,60,0.3,0
0.5,30,,0.0,pa,0.0,60,0.35,0
0.5,30,,0.0,a,0.0,60,0.4,0
0.5,30,,0.0,aa,0.0,60,0.45,0
0.5,30,,0.0,a!,0.0,60,0.5,0
0.5,30,,0.0,a!,0.0,60,0.55,0
0.5,30,,0.0,aa,0.0,60,0.6,0
0.5,30,,0.0,~,0.0,60,0.65,0
0.5,30,,0.0,,0.0,60,0.7,0
0.5,30,ABCDEEGHIJKLMINOPQRSTUVWXYZ>,0.8846153846153846,~RBCDEEGHIIKLUNOPORSTOMIONZ,0.5769230769230769,70,0.05,0
0.5,30,,0.0,REDEHILTAIEARSTOMAT,0.3076923076923077,70,0.1,0
0.5,30,,0.0,SECDERCH IKI GRIRSTOMYANS,0.3076923076923077,70,0.15,0
0.5,30,,0.0,SEQERCR ITN ORSON,0.1538461538461538,70,0.2,0
0.5,30,,0.0,SEQECER ITN ORSON,0.1538461538461538,70,0.25,0
0.5,30,,0.0,SEQECRITNORESIONIND,0.1923076923076923,70,0.3,0
0.5,30,,0.0,EDENTON SONIND,0.1538461538461538,70,0.35,0
0.5,30,,0.0,,0.0,70,0.4,0
0.5,30,,0.0,,0.0,70,0.45,0
0.5,30,"Baa

Pee,

di
ZL,

>!
>»",0.0384615384615384,,0.0,70,0.5,0
0.5,30,,0.0,,0.0,70,0.55,0
0.5,30,,0.0,,0.0,70,0.6,0
0.5,30,,0.0,,0.0,70,0.65,0
0.5,30,,0.0,,0.0,70,0.7,0
0.5,30,,0.0,RBCDERGHUREMTORORSTOUNZ,0.4615384615384615,80,0.05,0
0.5,30,,0.0,REDE HNREUTORORTOTINT,0.2307692307692307,80,0.1,0
0.5,30,ABCDERGAALKEMINS LORS TOIT,0.3461538461538461,SECDERGHNRUTSRORST OATS,0.3461538461538461,80,0.15,0
0.5,30,,0.0,SEQDERCANR SCOR OYINE,0.1538461538461538,80,0.2,0
0.5,30,,0.0,SEERA TSRORST YING,0.1923076923076923,80,0.25,0
0.5,30,,0.0,SEIERATNTSOREYINS,0.1538461538461538,80,0.3,0
0.5,30,,0.0,SEIAERISORIINS,0.1538461538461538,80,0.35,0
0.5,30,,0.0,SINAN,0.0769230769230768,80,0.4,0
0.5,30,,0.0,,0.0,80,0.45,0
0.5,30,,0.0,,0.0,80,0.5,0
0.5,30,,0.0,,0.0,80,0.55,0
0.5,30,,0.0,,0.0,80,0.6,0
0.5,30,"Re | Se tin ein! Nel iy,
ae a) iad eas it aaa",0.0,,0.0,80,0.65,0
0.5,30,i aa a Ral te Ti Raa: nN,0.0384615384615384,,0.0,80,0.7,0
0.5,60,\ i y K »,0.0384615384615384,,0.0,10,0.05,0
0.5,60,\ i y K »,0.0384615384615384,,0.0,10,0.1,0
0.5,60,\ i y K »,0.0384615384615384,,0.0,10,0.15,0
0.5,60,"\\
VABCOERGHIKE VAY RRS RAR RA
\ \\ \ \\ x",0.0,,0.0,10,0.2,0
0.5,60,"\\
VABCOERGHIKE VAY RRS RAR RA
\ \\ \ \\ x",0.0,,0.0,10,0.25,0
0.5,60,"\
QA IRORA TR RR
\ ANA \",0.0384615384615384,,0.0,10,0.3,0
0.5,60,"\
QA IRORA TR RR
\ ANA \",0.0384615384615384,,0.0,10,0.35,0
0.5,60,"WAM AAAS
NY Oy

LARA RRR ATARI",0.0,\,0.0,10,0.4,0
0.5,60,"WAM AAAS
NY Oy

LARA RRR ATARI",0.0,\,0.0,10,0.45,0
0.5,60,WAS,0.0384615384615384,\ MIX I,0.0769230769230768,10,0.5,0
0.5,60,WAS,0.0384615384615384,\ MIX I,0.0769230769230768,10,0.55,0
0.5,60,"Wy NY YY AN

A WO) AR
UIA",0.0,N,0.0384615384615384,10,0.6,0
0.5,60,"Wy NY YY AN

A WO) AR
UIA",0.0,N,0.0384615384615384,10,0.65,0
0.5,60,"IW As Ws AN ANN

AWN AN AAR
iiitttQiniR ati",0.0,,0.0,10,0.7,0
0.5,60,,0.0,,0.0,20,0.05,0
0.5,60,,0.0,VRBCRERGHNKERNQRORET RRR,0.3076923076923077,20,0.1,0
0.5,60,,0.0,RECERCAT,0.1153846153846154,20,0.15,0
0.5,60,,0.0,RRA,0.0384615384615384,20,0.2,0
0.5,60,,0.0,RRRRRRRRW,0.0769230769230768,20,0.25,0
0.5,60,,0.0,WRB,0.0384615384615384,20,0.3,0
0.5,60,,0.0,"X

\",0.0,20,0.35,0
0.5,60,,0.0,"X

\",0.0,20,0.4,0
0.5,60,,0.0,"X

\",0.0,20,0.45,0
0.5,60,"NY WY NOS
RRR

ZZ",0.1538461538461538,"X

\",0.0,20,0.5,0
0.5,60,"WAN

LANAI
WR",0.1153846153846154,\ \\,0.0,20,0.55,0
0.5,60,"LANARK ARR
RRR",0.0769230769230768,,0.0,20,0.6,0
0.5,60,"AKAROA
RRR",0.1538461538461538,"XN

\",0.0384615384615384,20,0.65,0
0.5,60,"AAR ARIRAL RRR
RRR",0.1538461538461538,\ \\,0.0,20,0.7,0
0.5,60,,0.0,,0.0,30,0.05,0
0.5,60,,0.0,VABERERSR IK ENRRQRS TUR),0.3076923076923077,30,0.1,0
0.5,60,,0.0,ERERERE RARER),0.0769230769230768,30,0.15,0
0.5,60,,0.0,REVERB “OI,0.0769230769230768,30,0.2,0
0.5,60,NABRRE ROR ARO RORS ARR RA,0.1538461538461538,"REVERB ""VW",0.1538461538461538,30,0.25,0
0.5,60,,0.0,RRR RW. MYX,0.0769230769230768,30,0.3,0
0.5,60,,0.0,RRR DW,0.0769230769230768,30,0.35,0
0.5,60,,0.0,RRR,0.0384615384615384,30,0.4,0
0.5,60,"ARR ARO ORO RR

a",0.1153846153846154,RRRRRRWwy’D’DWnw,0.0384615384615384,30,0.45,0
0.5,60,"NANAK
ARR ARR

?",0.0769230769230768,RRR QW’,0.0769230769230768,30,0.5,0
0.5,60,"NARNIA AKAN
NYRR RRR",0.1153846153846154,RRR QQ,0.0384615384615384,30,0.55,0
0.5,60,"WAAAY RAR AAA
NYRR",0.0769230769230768,RRR WW,0.0769230769230768,30,0.6,0
0.5,60,"AAALAC ARRAN
NYRR",0.1153846153846154,RRRRWRRWN,0.0769230769230768,30,0.65,0
0.5,60,NRA,0.0769230769230768,,0.0,30,0.7,0
0.5,60,,0.0,\ABCOEFEHNKLUNQPQRSTUNWAYE,0.6153846153846154,40,0.05,0
0.5,60,,0.0,VAR CRERENNERUNQ CARERS),0.1153846153846154,40,0.1,0
0.5,60,,0.0,RRQRERENNQ CARR,0.1153846153846154,40,0.15,0
0.5,60,,0.0,REO NCRR,0.1153846153846154,40,0.2,0
0.5,60,,0.0,REAR NAR,0.1153846153846154,40,0.25,0
0.5,60,RROD NIN OOO RE TANAKA,0.1538461538461538,RRA RRR,0.0384615384615384,40,0.3,0
0.5,60,,0.0,RAR RRM,0.0384615384615384,40,0.35,0
0.5,60,,0.0,WR,0.0384615384615384,40,0.4,0
0.5,60,UYROOAAN ANNO RANI,0.1153846153846154,BRR,0.0769230769230768,40,0.45,0
0.5,60,\YROOANANIAANNIOARAAAAIOA,0.0769230769230768,RRR,0.0384615384615384,40,0.5,0
0.5,60,UROOAANI ANNALARA,0.1153846153846154,RRR,0.0384615384615384,40,0.55,0
0.5,60,"UN AAA RARARANDARAARDS RRR \
AROAANANIAANNNARAAAANIANA",0.0,RRR,0.0384615384615384,40,0.6,0
0.5,60,"UNA VARA ARARAAMAK ARABS ERR \
ANWAXNANANIAAINAAAARAAAAIAA",0.0,RRM,0.0384615384615384,40,0.65,0
0.5,60,ANIAXNANANAARIAAAARAAAAAAY,0.0769230769230768,RRM,0.0384615384615384,40,0.7,0
0.5,60,,0.0,\ABCDERGHNKLMNQRORSTOVURYZ,0.6153846153846154,50,0.05,0
0.5,60,,0.0,\ABODER GR NK MNQRERSTOURYR),0.3461538461538461,50,0.1,0
0.5,60,,0.0,\ABODER GRA NNGRERSTORURR,0.2692307692307693,50,0.15,0
0.5,60,,0.0,\ABSDER RR KANNRRERSTOR IRD,0.3076923076923077,50,0.2,0
0.5,60,,0.0,WROD ER RRNA RERUN,0.1538461538461538,50,0.25,0
0.5,60,,0.0,WARSO ERRAND,0.0769230769230768,50,0.3,0
0.5,60,,0.0,WARROAD,0.0384615384615384,50,0.35,0
0.5,60,,0.0,WRN,0.0384615384615384,50,0.4,0
0.5,60,UAC NIVKANNERRR ANAK,0.1923076923076923,WRAARAARANRRRAAAN,0.0769230769230768,50,0.45,0
0.5,60,LUARAAANIVKANNAIRRRARANRAX |,0.1153846153846154,WAAAY,0.0384615384615384,50,0.5,0
0.5,60,\ARAAAANIVKANANIRARARANRAX,0.1153846153846154,WAAAY,0.0384615384615384,50,0.55,0
0.5,60,"RAAAARAX

LANNNANNIANANNNRAN",0.0,AAA,0.0384615384615384,50,0.6,0
0.5,60,,0.0,"QAR
NAAN",0.0384615384615384,50,0.65,0
0.5,60,,0.0,,0.0,50,0.7,0
0.5,60,,0.0,"NABEDEREHUKLMNOPQRST ARAYA,",0.5384615384615384,60,0.05,0
0.5,60,,0.0,"NERED ERE ICNMNOPQRSTU RNA,",0.3846153846153846,60,0.1,0
0.5,60,,0.0,"NERD ERO MNOPQRSTU IRA,",0.3846153846153846,60,0.15,0
0.5,60,,0.0,NERRDE REO IMORQRSTR RNA,0.2692307692307693,60,0.2,0
0.5,60,,0.0,ERROR RRO NOR RRNA,0.1153846153846154,60,0.25,0
0.5,60,,0.0,NERO ANNOC RRA,0.1538461538461538,60,0.3,0
0.5,60,,0.0,NRERAXANIOR RRNA,0.1153846153846154,60,0.35,0
0.5,60,,0.0,NRA,0.0769230769230768,60,0.4,0
0.5,60,VIRVAALAAXKAININOOORSNAANA,0.1153846153846154,NAAN,0.0384615384615384,60,0.45,0
0.5,60,VRAUNASAXAINOOORSIN AANA |,0.0769230769230768,NAAAANARANARRAAA,0.0769230769230768,60,0.5,0
0.5,60,VNUNALAXANNOOURANWANA |,0.1153846153846154,NAAAANAAANAARAAAAA,0.0769230769230768,60,0.55,0
0.5,60,NRUNAAARANARURANWANA |,0.0769230769230768,NANAANARANRARAAAANA,0.0769230769230768,60,0.6,0
0.5,60,VRUNNAARANARURRNRARA |,0.0769230769230768,,0.0,60,0.65,0
0.5,60,VRVRAQURALRLRRRRRRRA,0.0769230769230768,"NANAANARANAANANNAARA
h",0.0769230769230768,60,0.7,0
0.5,60,ABCREEGHUKLMNOPQRSTOVIYXYA,0.6923076923076923,"ABEREF SAK EMNOPQRSTOYIAYA,",0.4615384615384615,70,0.05,0
0.5,60,RBCREEGHUKAMNOPQRSTOVIVAYA,0.5769230769230769,"RBERERE KANN OPQRETOLIAYA,",0.3076923076923077,70,0.1,0
0.5,60,,0.0,"RBERER SK ANNOPQRETOLI AYA,",0.2692307692307693,70,0.15,0
0.5,60,RBCRAESHUKAVNOPQRSTOVINAYA,0.4615384615384615,"RBERECRK AUN OPQROTOVIAA,",0.3076923076923077,70,0.2,0
0.5,60,,0.0,"RBCRACANOPQROLOAA,",0.2692307692307693,70,0.25,0
0.5,60,,0.0,"BCRATAAANARRAUNAA,",0.1923076923076923,70,0.3,0
0.5,60,PACRATAAUKININAPOASLOV IAA,0.1923076923076923,"BCRATNAANARAIAA,",0.1538461538461538,70,0.35,0
0.5,60,,0.0,ARAN,0.0769230769230768,70,0.4,0
0.5,60,DARA AAKANADRANAAYA,0.1923076923076923,AXANNAANNAAAARANA,0.0769230769230768,70,0.45,0
0.5,60,WARN AAKAAADRNAARAYA,0.1153846153846154,ANAANNAANNAAAARANA,0.0769230769230768,70,0.5,0
0.5,60,AXE AAKAAAYRAARYA,0.1923076923076923,ANAANNAANNNAAAARRAA,0.0769230769230768,70,0.55,0
0.5,60,ARAN AALAARRURAARAD,0.1153846153846154,NAANNAANAAAAAARAA,0.0384615384615384,70,0.6,0
0.5,60,ARUN ARAVARQURAARAD,0.0769230769230768,NAAAAANAANAAAAAAA,0.0384615384615384,70,0.65,0
0.5,60,ARAVA VRARROVARResd,0.1153846153846154,NANARANAANRARAAAR,0.0769230769230768,70,0.7,0
0.5,60,,0.0,\ARCQBESHNKLMNQRORSTUYRKZS,0.3846153846153846,80,0.05,0
0.5,60,,0.0,VAR ORE SEAL MNQRORS OWI AZS,0.1538461538461538,80,0.1,0
0.5,60,"\ABOD RE SH ALIKN'O

KQRSTUVVAXK A",0.2307692307692307,VAROR EE SELL QAQRS TON AZS,0.1538461538461538,80,0.15,0
0.5,60,VAR OD AE SHI ALINN'IO AORSHUN VAX N,0.1153846153846154,\AROR AERA NQAGRSTONIRGY,0.1538461538461538,80,0.2,0
0.5,60,,0.0,ARO RC AA NRAGRONARIS,0.1153846153846154,80,0.25,0
0.5,60,"Z

ACYALINQRORSTUNIRA 1",0.1923076923076923,ARSE NAAAIRACROTARY,0.1923076923076923,80,0.3,0
0.5,60,,0.0,RSE NAAAIRARAARY,0.1153846153846154,80,0.35,0
0.5,60,,0.0,URN NAAANNARAARNS,0.0769230769230768,80,0.4,0
0.5,60,VR COR AAA ANDRORSWNTAL,0.1153846153846154,VNRNAAANANAARAARNS,0.0769230769230768,80,0.45,0
0.5,60,VR SR ANA RRR,0.0769230769230768,VNRNAANANNAANANNS,0.0769230769230768,80,0.5,0
0.5,60,WRU DELALVLEASUeaes,0.1538461538461538,VARNAANANNANAANS,0.0769230769230768,80,0.55,0
0.5,60,,0.0,LARNRARARRANAAN,0.0769230769230768,80,0.6,0
0.5,60,AR WS RR WOW e eet,0.0769230769230768,LRRRRARARRARRAY,0.0769230769230768,80,0.65,0
0.5,60,ARS RRO eee YN,0.1153846153846154,LRRRRARARRARRR,0.0769230769230768,80,0.7,0
0.5,75,,0.0,"WA A
UMNOPOR
NR

NN",0.1923076923076923,10,0.05,0
0.5,75,,0.0,"WA A
UMNOPOR
NR

NN",0.1923076923076923,10,0.1,0
0.5,75,,0.0,"WA A
UMNOPOR
NR

NN",0.1923076923076923,10,0.15,0
0.5,75,,0.0,TABCOERGHIKEMNORORS TUNINKNA),0.4230769230769231,10,0.2,0
0.5,75,,0.0,TABCOERGHIKEMNORORS TUNINKNA),0.4230769230769231,10,0.25,0
0.5,75,,0.0,TREC ECR AER CRS ORME,0.1153846153846154,10,0.3,0
0.5,75,,0.0,TREC ECR AER CRS ORME,0.1153846153846154,10,0.35,0
0.5,75,"\W ORY VA iy Ke et \\Y \j \} Wy \ \\ \ \\\) \Wan\ \y XN iy NN Way \j \W \\ \y \\V \\y We \
(RECERCAT RRR",0.0,a,0.0,10,0.4,0
0.5,75,"\W ORY VA iy Ke et \\Y \j \} Wy \ \\ \ \\\) \Wan\ \y XN iy NN Way \j \W \\ \y \\V \\y We \
(RECERCAT RRR",0.0,a,0.0,10,0.45,0
0.5,75,"\\

i A WAN aa ‘iy \\\\} WX \ YY Ky AN ‘hy ‘i NAY \} AY \\\ \\\) K \
RAIA ARR",0.0,TE,0.0384615384615384,10,0.5,0
0.5,75,"\\

i A WAN aa ‘iy \\\\} WX \ YY Ky AN ‘hy ‘i NAY \} AY \\\ \\\) K \
RAIA ARR",0.0,TE,0.0384615384615384,10,0.55,0
0.5,75,KRNI \\ ANN A NK NN A NY NK \\ AYR,0.0,www,0.0,10,0.6,0
0.5,75,KRNI \\ ANN A NK NN A NY NK \\ AYR,0.0,www,0.0,10,0.65,0
0.5,75,"WY ny x
Ahan WAN A AN AN AN AYIA \\ AAA",0.0,ww,0.0,10,0.7,0
0.5,75,,0.0,,0.0,20,0.05,0
0.5,75,,0.0,VABCRERGHIKRMNORGRSTONWANA||,0.4615384615384615,20,0.1,0
0.5,75,,0.0,(RRERERSHINK AUR R RSTO,0.1923076923076923,20,0.15,0
0.5,75,,0.0,(ARERR SRK RGR STAR,0.1538461538461538,20,0.2,0
0.5,75,,0.0,AREER RRR RRR RT,0.1538461538461538,20,0.25,0
0.5,75,,0.0,ARR RT,0.1153846153846154,20,0.3,0
0.5,75,,0.0,KR RRERRRRRR A RRT,0.0769230769230768,20,0.35,0
0.5,75,AARC AAAS,0.0769230769230768,RRR RT,0.0769230769230768,20,0.4,0
0.5,75,\YARSTNAR TAKARA,0.1153846153846154,ARRRRRRRRRRRR  RT,0.1153846153846154,20,0.45,0
0.5,75,AAR TAA AAR AAA,0.0769230769230768,ARERR TT,0.1538461538461538,20,0.5,0
0.5,75,"TYDAAYAYUALAAA ALLA WAAAY WEAN ARS LS ABA NAVARA AXUX A
NWA RSAY

Wei",0.0,ARERR aT,0.1153846153846154,20,0.55,0
0.5,75,\WATRAI AAR,0.0769230769230768,ARERR TT,0.1538461538461538,20,0.6,0
0.5,75,"i Ak rt} 1 AWA AVA Wa wih aa! Way 4 WV VAN \ xi Kty
AIRS",0.0,ARR RT,0.1153846153846154,20,0.65,0
0.5,75,AWA,0.0769230769230768,RRR RT,0.0769230769230768,20,0.7,0
0.5,75,\ ABCDEFGHISKLMNOPQRSTUVWXYZ \,0.8076923076923077,MNOPQRSTUVWXYZ,0.5384615384615384,30,0.05,0
0.5,75,\ABCDOREGHUKLMNOPORSTUVWXV\,0.6538461538461539,VRRCRERGIMKRMINORORER UMA YA,0.3076923076923077,30,0.1,0
0.5,75,,0.0,VARA ER GIAKAMINAR RERUN A YA,0.2307692307692307,30,0.15,0
0.5,75,,0.0,VARGA RR RIAU RAMA GR RR ARAYA,0.0,30,0.2,0
0.5,75,,0.0,VARA RRR RA MINARRRRRARAYA,0.1153846153846154,30,0.25,0
0.5,75,\WB CIARA MNO ROR SKA 1 \,0.1153846153846154,VARGA ERRATA,0.1153846153846154,30,0.3,0
0.5,75,\WR CVV RIAA NOOR SK VAX V1 \,0.0769230769230768,VARGA RR RIARAANAR RRA,0.0769230769230768,30,0.35,0
0.5,75,\WRCYY ARTA NOR SAA,0.1153846153846154,KARR R ARRAN,0.0769230769230768,30,0.4,0
0.5,75,\WRCYV RTARTA NO EASA,0.1153846153846154,KARR AA RIAA ARR,0.0769230769230768,30,0.45,0
0.5,75,\VATAUYOTANY ARAVA NOAA YA,0.0384615384615384,ARRAN,0.0769230769230768,30,0.5,0
0.5,75,\VATAUYOTARYARAALAVA ANKENY VAY,0.0,INARA RAAT,0.1153846153846154,30,0.55,0
0.5,75,NVATAUYTARVARAANAUAAT NAAR ORR AANA RUAN,0.0,INARA ARR,0.1153846153846154,30,0.6,0
0.5,75,,0.0,IANNRRRAARAAYANARAAAA RSA,0.0769230769230768,30,0.65,0
0.5,75,,0.0,AXNNARRSNARAANAAANAAAA RRA,0.0769230769230768,30,0.7,0
0.5,75,,0.0,"\ABCOERGHIKLUNORQRS TUVWXYZ,",0.6923076923076923,40,0.05,0
0.5,75,"ORS KYW

XY¥\",0.1153846153846154,ARC REA SHAK EON RGR RUAN E,0.1923076923076923,40,0.1,0
0.5,75,,0.0,VRE REAGAN EON RRS TUNE,0.1923076923076923,40,0.15,0
0.5,75,,0.0,\ARER RAGAN EON RRR TU WAYR,0.2307692307692307,40,0.2,0
0.5,75,,0.0,VARKER AAS AN ENR RR TAA,0.1153846153846154,40,0.25,0
0.5,75,,0.0,VARA TANNOY,0.1153846153846154,40,0.3,0
0.5,75,VAR CDAAG KN VIL NAR DRS VV,0.1538461538461538,UAE AAA ARORA,0.1153846153846154,40,0.35,0
0.5,75,,0.0,AA ALLS AACA,0.1153846153846154,40,0.4,0
0.5,75,VAR CD AAC KAY KUNA RUVAXY YN,0.1538461538461538,\KANUPRAATAN RATA AAA,0.1153846153846154,40,0.45,0
0.5,75,VAR AAA KAYLA ARRAS UVAAKY YN,0.0769230769230768,(WAAR VEAANANRAA AAA,0.0769230769230768,40,0.5,0
0.5,75,VAR ADAG RAY KURA AUR ORAS ROUVARKA YA,0.0,\KAAAVEAANANKAAAAAA AAA,0.0384615384615384,40,0.55,0
0.5,75,WAR AD ESAG RAY KURA AL AROLAS ROL ARKRRO,0.0,INVARVEAAANANRAAAAAAAAAAAA AY,0.0,40,0.6,0
0.5,75,VAAL U al,0.0769230769230768,VU ALU,0.0769230769230768,40,0.65,0
0.5,75,VAAL AAV al,0.0769230769230768,INAAUWRAAANANRAAAAAAANAA TARA,0.0,40,0.7,0
0.5,75,,0.0,\ABCDEFCHIKEMNOPORSTUVWRYZ |,0.6923076923076923,50,0.05,0
0.5,75,,0.0,\ABCORREA KANN OPORET LAY |,0.2692307692307693,50,0.1,0
0.5,75,,0.0,VARCRRREA KANN PP ORET UVR,0.1923076923076923,50,0.15,0
0.5,75,,0.0,VARGA ERE KANN RR RR ET URRY,0.0769230769230768,50,0.2,0
0.5,75,,0.0,VARGARRER ANN RPE ET YE,0.1153846153846154,50,0.25,0
0.5,75,VAACARGAY KANN DPOREY UVxy7\,0.2307692307692307,VAACAARCRYIANW PERRET ARYL,0.1538461538461538,50,0.3,0
0.5,75,,0.0,VAAAAARAAAANW RRR,0.0769230769230768,50,0.35,0
0.5,75,,0.0,AAAAAARELVAAAN RETA,0.1538461538461538,50,0.4,0
0.5,75,,0.0,AAACN RTA,0.1538461538461538,50,0.45,0
0.5,75,,0.0,AACA,0.0769230769230768,50,0.5,0
0.5,75,VAQVATSA VORA DOORET AAR,0.1153846153846154,NAVARA,0.0769230769230768,50,0.55,0
0.5,75,,0.0,NWA,0.0769230769230768,50,0.6,0
0.5,75,,0.0,NVA,0.0769230769230768,50,0.65,0
0.5,75,,0.0,NURUVURALAARAAEATAATAAA,0.0769230769230768,50,0.7,0
0.5,75,,0.0,ABE REF GHVKAMNOPORERUWNRYA |,0.3846153846153846,60,0.05,0
0.5,75,,0.0,ABEREF EN KAMNGPORS HUMIRA,0.3846153846153846,60,0.1,0
0.5,75,,0.0,RERBPEK LAM NGARRE HUMIRA,0.1153846153846154,60,0.15,0
0.5,75,PORE KUVWXY A,0.2307692307692307,AARE REFER AN NSP ORE TY |,0.1153846153846154,60,0.2,0
0.5,75,,0.0,JERE RAP EW ANNGR ORE TARA |,0.0,60,0.25,0
0.5,75,,0.0,AERURAPEN AV AGRORE AAA |,0.0769230769230768,60,0.3,0
0.5,75,,0.0,AARUAAPEVLAAAGORE AAA |,0.1153846153846154,60,0.35,0
0.5,75,,0.0,AARUAATEWAAAAAAORE ALARA |,0.0384615384615384,60,0.4,0
0.5,75,WRT AATCUU KANN GAORE LAY) |,0.0384615384615384,NARUTO LAA |,0.0769230769230768,60,0.45,0
0.5,75,MRT AACR LANGA LAY) |,0.0769230769230768,NAUAAU VAN AAA TRE LAA |,0.0384615384615384,60,0.5,0
0.5,75,WRT AACR RNR LAG) |,0.0769230769230768,RURAL NAAR LARA,0.1153846153846154,60,0.55,0
0.5,75,WRT AR CULE ROE ake |,0.0769230769230768,RVAAER VAR AAATAA LAA,0.0769230769230768,60,0.6,0
0.5,75,VELA ERR E RAMOS Lae |,0.1153846153846154,NRUAARA VAR AARTR ERAGE!,0.0384615384615384,60,0.65,0
0.5,75,"eRe AO ae

‘A |",0.0384615384615384,RU RERUUA RARER ELAR!,0.0769230769230768,60,0.7,0
0.5,75,ABCDEFGHIVALMNOPQRSTUYWXYZ\,0.8461538461538461,RACDERGHIVALMNQPRRST VMAX,0.5384615384615384,70,0.05,0
0.5,75,,0.0,PRCPRRGHVALMNQPORST PU(A,0.3846153846153846,70,0.1,0
0.5,75,,0.0,"RRCPR RCH NALYN GPR RST MAX (A,",0.1538461538461538,70,0.15,0
0.5,75,,0.0,TRACP RAGW NALIN PORT WHY,0.2692307692307693,70,0.2,0
0.5,75,ARCDERGHIVALVINQRORSTVYXYA,0.5384615384615384,RACP RAGLAN FORA WR,0.1923076923076923,70,0.25,0
0.5,75,ARODERGH ALVIN QAORSTVWVYA,0.4230769230769231,RRSPRACW ANAL APO AA,0.0384615384615384,70,0.3,0
0.5,75,,0.0,RAPTACVAAN AOR VAAN,0.1153846153846154,70,0.35,0
0.5,75,,0.0,RARVACV NAVA AORYVAAA,0.1153846153846154,70,0.4,0
0.5,75,"LVN Or

OR STW WAXY A",0.1538461538461538,WACVACV NAVA VATA,0.1153846153846154,70,0.45,0
0.5,75,PACTACU ARAL QAR SIV,0.1538461538461538,EAU NAN AAR VAAN,0.1538461538461538,70,0.5,0
0.5,75,"RAQTACH RAL GA

OES WW",0.1153846153846154,ARV RANA TA,0.1153846153846154,70,0.55,0
0.5,75,,0.0,AAD UAU RANA RRA,0.1538461538461538,70,0.6,0
0.5,75,DACRE RAO,0.1153846153846154,REAR RRR R REE,0.0769230769230768,70,0.65,0
0.5,75,VV eee ba than,0.0,RRR ERR EARS TERRES,0.1153846153846154,70,0.7,0
0.5,75,", ABCDERGHIYKLMNORQRST VWXYZ. |",0.6538461538461539,\ ABCOFAGHIKLMNDRORSTYMWXYE |,0.4615384615384615,80,0.05,0
0.5,75,", ABCDERGHIYKLMNORQRST VVWXYY. |",0.5769230769230769,\ AB OEAGHKLYNDRORSTY WHY |,0.3846153846153846,80,0.1,0
0.5,75,,0.0,ABR OEAGH AKL INDRORSTU MAY |,0.3846153846153846,80,0.15,0
0.5,75,,0.0,LABROEAGW INKL INDRARATU AY,0.3461538461538461,80,0.2,0
0.5,75,,0.0,LAPROEACW INKL ANDRA UY,0.2307692307692307,80,0.25,0
0.5,75,,0.0,LAPROEREW AALAND UAE |,0.1538461538461538,80,0.3,0
0.5,75,,0.0,LAPLORREW AA PRR |,0.0769230769230768,80,0.35,0
0.5,75,,0.0,LAPVOERCV AA PRUE!,0.1538461538461538,80,0.4,0
0.5,75,1 ABT OE RGW IAHR MAND ROR AT AVAVEYE |,0.0,LEVER AA WORRY WOE!,0.1538461538461538,80,0.45,0
0.5,75,,0.0,LUE RUA URRY UE,0.1153846153846154,80,0.5,0
0.5,75,1 ABR GW AAR AN CS VV |,0.1153846153846154,VERE RUA URES EEE,0.0769230769230768,80,0.55,0
0.5,75,VENTE LVULyexadhuge,0.0769230769230768,PRR RRA DESERET,0.0769230769230768,80,0.6,0
0.5,75,WEUTE LULL eranryuya,0.0769230769230768,PERR RURAL ERREEEET,0.0769230769230768,80,0.65,0
0.5,75,,0.0,PERE ER RARE RSEEEEE,0.1153846153846154,80,0.7,0
0.5,90,"/ABCDEFGHIJKLMNOPQ

a
a
SS
=
7S
SS
SN",0.2692307692307693,VABCDEFGHIKLMNOPRORSTUVWXY2,0.8076923076923077,10,0.05,0
0.5,90,"/ABCDEFGHIJKLMNOPQ

a
a
SS
=
7S
SS
SN",0.2692307692307693,VABCDEFGHIKLMNOPRORSTUVWXY2,0.8076923076923077,10,0.1,0
0.5,90,"/ABCDEFGHIJKLMNOPQ

a
a
SS
=
7S
SS
SN",0.2692307692307693,VABCDEFGHIKLMNOPRORSTUVWXY2,0.8076923076923077,10,0.15,0
0.5,90,"[ABC DERGHIGRUMNID FIO,

=e
==
——

=
—
===",0.0,ABCOERGHMEUMMIGRORSTUM Wa,0.4230769230769231,10,0.2,0
0.5,90,"[ABC DERGHIGRUMNID FIO,

=e
==
——

=
—
===",0.0,ABCOERGHMEUMMIGRORSTUM Wa,0.4230769230769231,10,0.25,0
0.5,90,,0.0,"Cal

TACO RG HIORR CRORE",0.0384615384615384,10,0.3,0
0.5,90,,0.0,"Cal

TACO RG HIORR CRORE",0.0384615384615384,10,0.35,0
0.5,90,,0.0,Raita,0.0384615384615384,10,0.4,0
0.5,90,,0.0,Raita,0.0384615384615384,10,0.45,0
0.5,90,LECCE RC ANRC,0.1538461538461538,eR Tiel,0.0769230769230768,10,0.5,0
0.5,90,LECCE RC ANRC,0.1538461538461538,eR Tiel,0.0769230769230768,10,0.55,0
0.5,90,REC,0.0384615384615384,Tel,0.0384615384615384,10,0.6,0
0.5,90,REC,0.0384615384615384,Tel,0.0384615384615384,10,0.65,0
0.5,90,a ac,0.0,,0.0,10,0.7,0
0.5,90,">
WD
“CY
—o-
Tr
TE
Oy
—E-
_—
—_~
fo
=
a
—©-
—U-
(O-
0
A
—fE
cc
=
=
=<
NO",0.0,"VABCDEFGHIJKLMNOPQRSTOVIVXYZ,",0.8076923076923077,20,0.05,0
0.5,90,"JABCDEFGHIUKLMNOPORS

——F
=

VWXYZ",0.5384615384615384,ABGDERGHIOKLMNORORSTIOVIVAYE|,0.5384615384615384,20,0.1,0
0.5,90,"JABCDERGHISKLMNOPRORS

—F

UIMWWDKY A",0.3076923076923077,IRRPERGH IKE MNO ORST AMAA,0.3461538461538461,20,0.15,0
0.5,90,,0.0,AERA RST MAAR,0.1923076923076923,20,0.2,0
0.5,90,,0.0,APRA ATA SAM STM,0.1538461538461538,20,0.25,0
0.5,90,,0.0,ARPA ATH STM SM,0.1538461538461538,20,0.3,0
0.5,90,,0.0,APA TA TA TA A,0.0769230769230768,20,0.35,0
0.5,90,,0.0,TRAP TH TA,0.0769230769230768,20,0.4,0
0.5,90,,0.0,TRAPATT,0.0769230769230768,20,0.45,0
0.5,90,,0.0,TRAPATT TA,0.0769230769230768,20,0.5,0
0.5,90,,0.0,UAT TA,0.0384615384615384,20,0.55,0
0.5,90,,0.0,,0.0,20,0.6,0
0.5,90,,0.0,,0.0,20,0.65,0
0.5,90,,0.0,,0.0,20,0.7,0
0.5,90,,0.0,"|ABCDEFGHIUKLMNOPORSTUVWRYZ,",0.8076923076923077,30,0.05,0
0.5,90,|ABCDERGHIUKLMNOPORSTUMWXYZ |,0.7307692307692308,IAB GRERGHIUKLHNOFORETIMW RYE |,0.3461538461538461,30,0.1,0
0.5,90,ABC DERGHIUKLMNO PORSTUMWHYZ |,0.6538461538461539,[ARAB REHIMKHANG PORE TH HW AYE |,0.1153846153846154,30,0.15,0
0.5,90,ABC DER GHIUKLM NO PORE TUMWHYZ |,0.5,[APPR SHTHKHAN A PORE TH YY HYA |,0.0,30,0.2,0
0.5,90,,0.0,[ARPES HRHAN GRRE TH YY HYA|,0.0769230769230768,30,0.25,0
0.5,90,ABC DEER GRILL M NO BORE TWMW KY HI |,0.1153846153846154,[APPR HAN ARTA YY,0.1923076923076923,30,0.3,0
0.5,90,ABC DEF GHITLIKL MNO BOIS 7 MW MY 21 |,0.1923076923076923,[APARNA RETA YY,0.1538461538461538,30,0.35,0
0.5,90,ABC DER GHA LIKE HN CRORE TMV AY HT,0.1538461538461538,[ARAPAHO VA,0.1153846153846154,30,0.4,0
0.5,90,,0.0,[APR HAAN ARTY YA,0.1923076923076923,30,0.45,0
0.5,90,"VARS OER GLU NC OR TE

a_i

= i
a
a",0.0,[RAEN AT TA,0.1153846153846154,30,0.5,0
0.5,90,AEE EH Gh KG NO OR TY,0.3076923076923077,[PRE AN APT,0.1153846153846154,30,0.55,0
0.5,90,"| |
Tir

a
on
ee

SU NGHORHIHE

a

ee
oo

VT DHE",0.0,[PARRA A AST,0.0769230769230768,30,0.6,0
0.5,90,VA EH CR NRT,0.1923076923076923,[PARTE A ATR,0.0769230769230768,30,0.65,0
0.5,90,,0.0,UPORTAL,0.1153846153846154,30,0.7,0
0.5,90,,0.0,|ABRDEFGHTIKLMRNIGRORST UWA |,0.4615384615384615,40,0.05,0
0.5,90,,0.0,PRB EFGHHT KLM NE PRIEST UMD,0.2692307692307693,40,0.1,0
0.5,90,,0.0,NBIC ERGY REM NE FPRIEST UMD,0.1538461538461538,40,0.15,0
0.5,90,,0.0,LAPS EFAH LEME PRRST LMA |,0.3076923076923077,40,0.2,0
0.5,90,,0.0,LAP EFA EMME RRRST MO |,0.2307692307692307,40,0.25,0
0.5,90,PORS| UMW |,0.1538461538461538,LAPP EFA YH PRS TES |,0.1923076923076923,40,0.3,0
0.5,90,POS | UMM |,0.0769230769230768,LARA EFAT HEM PA ERSTE |,0.1923076923076923,40,0.35,0
0.5,90,ROAS) UMM |,0.0769230769230768,LARA EFA EEN HA PRS TAH |,0.1923076923076923,40,0.4,0
0.5,90,,0.0,LARA EFA EE AAT RTE |,0.1538461538461538,40,0.45,0
0.5,90,,0.0,LAAPEFAP EE ETA,0.1153846153846154,40,0.5,0
0.5,90,,0.0,VFA EFE EEE TA,0.1153846153846154,40,0.55,0
0.5,90,,0.0,PFET EE ETT,0.0769230769230768,40,0.6,0
0.5,90,Ee,0.0384615384615384,TFTA TT,0.0769230769230768,40,0.65,0
0.5,90,,0.0,TAPAS ETAT,0.0769230769230768,40,0.7,0
0.5,90,| ABCDEFGHIJKLMNOPQRSTUVWXYZ,0.9230769230769232,| ABCDEFGHIYKUMMOPORST UMM XYZ,0.6153846153846154,50,0.05,0
0.5,90,,0.0,| ABEPEF SHH KUN DPRRST UM YZ,0.3461538461538461,50,0.1,0
0.5,90,,0.0,| BBEPEFBHH HUN PPRRSTUM 4,0.2692307692307693,50,0.15,0
0.5,90,| ABCDEF GHIYHUNINDPORSTUMW 1YZ1,0.4615384615384615,| BPEPEFBHH HAN PRASAD 4,0.1923076923076923,50,0.2,0
0.5,90,,0.0,| BPEPEFBEH HAN PRASAD  -,0.1538461538461538,50,0.25,0
0.5,90,,0.0,| REEPEF BHAT # PPRASTMP NE |,0.0769230769230768,50,0.3,0
0.5,90,,0.0,[| REEPEF BHAT # PPRASTHEP I |,0.0384615384615384,50,0.35,0
0.5,90,,0.0,| KEEPER BHAT ¢ PPRAST HEE |,0.1153846153846154,50,0.4,0
0.5,90,,0.0,| REPPEFBHATN € BPRS HAH |,0.1538461538461538,50,0.45,0
0.5,90,,0.0,| REPPRPBHATN PRR |,0.1538461538461538,50,0.5,0
0.5,90,,0.0,a,0.0,50,0.55,0
0.5,90,,0.0,a,0.0,50,0.6,0
0.5,90,,0.0,,0.0,50,0.65,0
0.5,90,,0.0,,0.0,50,0.7,0
0.5,90,| ABCDEFGHINKLMNOPQRSTUYWXYZ |,0.7692307692307692,| ABCDEFGHIDKUMNOFORST YYW XY? |,0.5,60,0.05,0
0.5,90,| ABCDEFGHIVKUMNOPQRST UWE |,0.6538461538461539,| ABCOEFEHIPKUMN GRRE YUE |,0.3461538461538461,60,0.1,0
0.5,90,,0.0,| AECOEF EHP KUMN GRQRBTY MM YE |,0.1923076923076923,60,0.15,0
0.5,90,,0.0,[ AEGOEF EH PRAM GAORBT YE |,0.1538461538461538,60,0.2,0
0.5,90,,0.0,| BEACEF EH PRIM AORBT Mt |,0.1538461538461538,60,0.25,0
0.5,90,,0.0,[ AEACEF EE PRIM GARB T PPE |,0.0769230769230768,60,0.3,0
0.5,90,"| ARGOEFGHIDKUM

NGAGRBTUNVDYE |",0.2692307692307693,LACEF ER PRIMATE,0.1923076923076923,60,0.35,0
0.5,90,,0.0,LAGER EE PEI B ETE,0.0769230769230768,60,0.4,0
0.5,90,ARGO RD RNNGAQRET DYE,0.2307692307692307,GER ROPE TABI,0.1538461538461538,60,0.45,0
0.5,90,,0.0,EEE,0.0384615384615384,60,0.5,0
0.5,90,,0.0,ET,0.0769230769230768,60,0.55,0
0.5,90,PUTT TCT pers thay a,0.0,REET,0.0769230769230768,60,0.6,0
0.5,90,,0.0,DEGREE,0.1538461538461538,60,0.65,0
0.5,90,Oe Ee RGROeEERern,0.0769230769230768,,0.0,60,0.7,0
0.5,90,| ABCDEFGHIJKLMNOPQRSTUVWXYZ,0.9230769230769232,| ABCD RFGHIVKL MM RRS TUPW AYE,0.4230769230769231,70,0.05,0
0.5,90,| ABCDEFGHIYKLMNORQRSTUVWXYZ,0.8461538461538461,| ABCPREBHIPKL FAR FORS TRY WAVE,0.1923076923076923,70,0.1,0
0.5,90,,0.0,| ABP REB HPAL HG FORS TRY y4,0.1153846153846154,70,0.15,0
0.5,90,,0.0,LABEPEEB HPAL HEGRE Pye,0.1538461538461538,70,0.2,0
0.5,90,,0.0,SEPA TH HES FORE PIP |,0.1153846153846154,70,0.25,0
0.5,90,,0.0,SEPT ORE EPP |,0.1153846153846154,70,0.3,0
0.5,90,,0.0,SPEER RP PPP |,0.0769230769230768,70,0.35,0
0.5,90,,0.0,EPEAT ERED PIP |,0.0769230769230768,70,0.4,0
0.5,90,,0.0,ERROR |,0.1153846153846154,70,0.45,0
0.5,90,,0.0,PROTEC |,0.1153846153846154,70,0.5,0
0.5,90,,0.0,ERR |,0.0769230769230768,70,0.55,0
0.5,90,,0.0,DRE |,0.0769230769230768,70,0.6,0
0.5,90,,0.0,|,0.0,70,0.65,0
0.5,90,,0.0,,0.0,70,0.7,0
0.5,90,|ABCDEFGHIJKLMNOPQRSTUYWKYZ |,0.8076923076923077,JABQDEFGHIYKLMNDPORST LY |,0.5769230769230769,80,0.05,0
0.5,90,JABGDEFGHIYKLMNOPQRSTUYWKXYZ |,0.7307692307692308,|ABGO FRESH KEMND POR$T PYM |,0.2307692307692307,80,0.1,0
0.5,90,|ABGDEFGHIYKLMNDRPORSTUMWKXYZ |,0.6153846153846154,[ABGOF FSH KENNPFORST bye |,0.2692307692307693,80,0.15,0
0.5,90,JABQDEFGHIYKEMNDPORST DYWKYZ |,0.5384615384615384,JARO FER KEN NP FORST PMO |,0.1538461538461538,80,0.2,0
0.5,90,PABQDEFGHIIKEMNDPQRST DW |,0.6153846153846154,MABAO FRAKES ERT PME,0.1923076923076923,80,0.25,0
0.5,90,PABQDEAG EI UKEMNDRQRSTDWKW |,0.3846153846153846,PEPER EA DSPERETEPEEL,0.1538461538461538,80,0.3,0
0.5,90,PABQDE AGB IEKEMNDEGRETDIMKW I,0.2692307692307693,PEPEBELE DPE Pye Fl,0.1153846153846154,80,0.35,0
0.5,90,PABGDE AG BIKE NNDEGRITD KYW,0.2692307692307693,PEPEEE EDP LerPyrrl,0.1153846153846154,80,0.4,0
0.5,90,PAB GDE AG RISE NND EGP KY,0.1538461538461538,PECPEEGCIPISIE ttl,0.2307692307692307,80,0.45,0
0.5,90,"_

DR DEAK NND EGP WKY",0.1923076923076923,HOPPE RPISTEH FI,0.1538461538461538,80,0.5,0
0.5,90,,0.0,HOPE PIS fl,0.1153846153846154,80,0.55,0
0.5,90,">

Oe ee NEG Te a",0.0769230769230768,HGH NESE HF,0.1538461538461538,80,0.6,0
0.5,90,,0.0,HGH NET,0.1538461538461538,80,0.65,0
0.5,90,Zs,0.0,,0.0,80,0.7,0
